Evaluation,Stage,Method,Threshold,MCC_mean,MCC_std,F1_mean,F1_std,Precision_mean,Precision_std,Accuracy_mean,Accuracy_std,Recall_mean,Recall_std,AUROC_mean,AUROC_std,AUPRC_mean,AUPRC_std
CV,A0,A0_no_imbalance,0.2,0.362,0.0786,0.4018,0.07,0.3439,0.0702,0.9035,0.0162,0.4989,0.1189,0.8655,0.0648,0.4409,0.1058
CV,A0,A0_no_imbalance,0.5,0.3168,0.1549,0.2754,0.1415,0.6667,0.3216,0.9396,0.0104,0.1833,0.1052,0.8655,0.0648,0.4409,0.1058
CV,B1,B1_class_weight,0.2,0.3572,0.0975,0.3962,0.0835,0.3373,0.0739,0.9021,0.0184,0.4989,0.1585,0.8704,0.0552,0.4378,0.0871
CV,B1,B1_class_weight,0.5,0.2886,0.1789,0.2335,0.164,0.6667,0.3909,0.941,0.0082,0.1511,0.1192,0.8704,0.0552,0.4378,0.0871
CV,B2,B2_random_oversampling,0.2,0.3867,0.1014,0.41,0.0891,0.306,0.0816,0.8757,0.033,0.65,0.1596,0.8671,0.0671,0.4354,0.0956
CV,B2,B2_random_oversampling,0.5,0.2416,0.1099,0.263,0.1211,0.3654,0.0973,0.925,0.0079,0.2233,0.1359,0.8671,0.0671,0.4354,0.0956
CV,B3,B3_smote,0.2,0.4041,0.0775,0.4243,0.0691,0.317,0.0677,0.8799,0.0287,0.6711,0.144,0.8763,0.0598,0.4415,0.1113
CV,B3,B3_smote,0.5,0.3139,0.1451,0.3118,0.1478,0.5195,0.1704,0.9354,0.0135,0.2356,0.1329,0.8763,0.0598,0.4415,0.1113
CV,B4,B4_threshold_tuning_only,0.05,0.3218,0.0625,0.3083,0.0487,0.1894,0.0345,0.7458,0.0541,0.8522,0.1139,0.8655,0.0648,0.4409,0.1058
CV,B4,B4_threshold_tuning_only,0.1,0.3876,0.0553,0.3979,0.052,0.2796,0.0547,0.8542,0.0342,0.7256,0.1197,0.8655,0.0648,0.4409,0.1058
CV,B4,B4_threshold_tuning_only,0.15,0.401,0.0521,0.4286,0.0466,0.3369,0.0643,0.8917,0.0213,0.6178,0.1119,0.8655,0.0648,0.4409,0.1058
CV,B4,B4_threshold_tuning_only,0.2,0.362,0.0786,0.4018,0.07,0.3439,0.0702,0.9035,0.0162,0.4989,0.1189,0.8655,0.0648,0.4409,0.1058
CV,B4,B4_threshold_tuning_only,0.25,0.3493,0.0674,0.3875,0.0641,0.3842,0.0918,0.9153,0.0153,0.4144,0.1022,0.8655,0.0648,0.4409,0.1058
CV,B4,B4_threshold_tuning_only,0.3,0.2952,0.1094,0.3289,0.1076,0.3798,0.128,0.9194,0.0174,0.3089,0.1156,0.8655,0.0648,0.4409,0.1058
CV,B4,B4_threshold_tuning_only,0.35,0.2888,0.111,0.3149,0.1121,0.4048,0.1145,0.9271,0.01,0.2667,0.1154,0.8655,0.0648,0.4409,0.1058
CV,B4,B4_threshold_tuning_only,0.4,0.305,0.1593,0.3117,0.1506,0.4867,0.2071,0.934,0.0132,0.2356,0.1243,0.8655,0.0648,0.4409,0.1058
CV,B4,B4_threshold_tuning_only,0.45,0.3292,0.1516,0.307,0.1368,0.615,0.2769,0.9382,0.0124,0.2133,0.1003,0.8655,0.0648,0.4409,0.1058
CV,B4,B4_threshold_tuning_only,0.5,0.3168,0.1549,0.2754,0.1415,0.6667,0.3216,0.9396,0.0104,0.1833,0.1052,0.8655,0.0648,0.4409,0.1058
CV,B4,B4_threshold_tuning_only,0.55,0.2848,0.1762,0.2345,0.1533,0.6417,0.3929,0.9403,0.0082,0.1511,0.1071,0.8655,0.0648,0.4409,0.1058
CV,B4,B4_threshold_tuning_only,0.6,0.273,0.1667,0.2074,0.1431,0.6917,0.4045,0.9403,0.0075,0.1289,0.1008,0.8655,0.0648,0.4409,0.1058
CV,B4,B4_threshold_tuning_only,0.65,0.1534,0.1818,0.1225,0.1524,0.375,0.429,0.9368,0.0083,0.0778,0.1054,0.8655,0.0648,0.4409,0.1058
CV,B4,B4_threshold_tuning_only,0.7,0.0954,0.1739,0.0745,0.129,0.25,0.4249,0.9354,0.0081,0.0444,0.0777,0.8655,0.0648,0.4409,0.1058
CV,B4,B4_threshold_tuning_only,0.75,0.0625,0.1379,0.04,0.0843,0.2,0.4216,0.9354,0.0066,0.0222,0.0468,0.8655,0.0648,0.4409,0.1058
CV,B4,B4_threshold_tuning_only,0.8,0.0301,0.1035,0.02,0.0632,0.1,0.3162,0.9347,0.0059,0.0111,0.0351,0.8655,0.0648,0.4409,0.1058
CV,B4,B4_threshold_tuning_only,0.85,0.0,0.0,0.0,0.0,0.0,0.0,0.9347,0.0036,0.0,0.0,0.8655,0.0648,0.4409,0.1058
CV,B4,B4_threshold_tuning_only,0.9,0.0,0.0,0.0,0.0,0.0,0.0,0.9347,0.0036,0.0,0.0,0.8655,0.0648,0.4409,0.1058
CV,B5,B5_class_weight_threshold_tuning,0.05,0.3167,0.0654,0.3069,0.047,0.1892,0.032,0.7542,0.0393,0.8289,0.1367,0.8704,0.0552,0.4378,0.0871
CV,B5,B5_class_weight_threshold_tuning,0.1,0.3991,0.056,0.4051,0.0552,0.2804,0.0513,0.8521,0.0365,0.7556,0.1025,0.8704,0.0552,0.4378,0.0871
CV,B5,B5_class_weight_threshold_tuning,0.15,0.3975,0.1014,0.425,0.0906,0.3266,0.0833,0.8875,0.0268,0.6278,0.1364,0.8704,0.0552,0.4378,0.0871
CV,B5,B5_class_weight_threshold_tuning,0.2,0.3572,0.0975,0.3962,0.0835,0.3373,0.0739,0.9021,0.0184,0.4989,0.1585,0.8704,0.0552,0.4378,0.0871
CV,B5,B5_class_weight_threshold_tuning,0.25,0.3019,0.0619,0.3432,0.0629,0.3305,0.0518,0.9069,0.0168,0.3833,0.1229,0.8704,0.0552,0.4378,0.0871
CV,B5,B5_class_weight_threshold_tuning,0.3,0.2671,0.1159,0.3044,0.12,0.3328,0.0895,0.9167,0.0109,0.2989,0.1492,0.8704,0.0552,0.4378,0.0871
CV,B5,B5_class_weight_threshold_tuning,0.35,0.3052,0.1252,0.3286,0.1265,0.4263,0.1291,0.9292,0.0108,0.2778,0.1272,0.8704,0.0552,0.4378,0.0871
CV,B5,B5_class_weight_threshold_tuning,0.4,0.2993,0.1127,0.297,0.1222,0.5017,0.1316,0.9347,0.0075,0.2256,0.1225,0.8704,0.0552,0.4378,0.0871
CV,B5,B5_class_weight_threshold_tuning,0.45,0.3329,0.1668,0.2797,0.1557,0.7167,0.322,0.9424,0.0087,0.1822,0.1138,0.8704,0.0552,0.4378,0.0871
CV,B5,B5_class_weight_threshold_tuning,0.5,0.2886,0.1789,0.2335,0.164,0.6667,0.3909,0.941,0.0082,0.1511,0.1192,0.8704,0.0552,0.4378,0.0871
CV,B5,B5_class_weight_threshold_tuning,0.55,0.2542,0.1974,0.2037,0.1672,0.5917,0.4417,0.9403,0.0082,0.1289,0.1136,0.8704,0.0552,0.4378,0.0871
CV,B5,B5_class_weight_threshold_tuning,0.6,0.1951,0.1831,0.1442,0.1392,0.5167,0.4743,0.9382,0.0076,0.0867,0.0871,0.8704,0.0552,0.4378,0.0871
CV,B5,B5_class_weight_threshold_tuning,0.65,0.136,0.1531,0.0945,0.0999,0.4,0.4595,0.9361,0.0064,0.0544,0.0575,0.8704,0.0552,0.4378,0.0871
CV,B5,B5_class_weight_threshold_tuning,0.7,0.1469,0.163,0.0964,0.1018,0.45,0.4972,0.9368,0.0069,0.0544,0.0575,0.8704,0.0552,0.4378,0.0871
CV,B5,B5_class_weight_threshold_tuning,0.75,0.0516,0.1178,0.0382,0.0806,0.15,0.3375,0.9347,0.0059,0.0222,0.0468,0.8704,0.0552,0.4378,0.0871
CV,B5,B5_class_weight_threshold_tuning,0.8,0.0324,0.1024,0.02,0.0632,0.1,0.3162,0.9354,0.0047,0.0111,0.0351,0.8704,0.0552,0.4378,0.0871
CV,B5,B5_class_weight_threshold_tuning,0.85,0.0,0.0,0.0,0.0,0.0,0.0,0.9347,0.0036,0.0,0.0,0.8704,0.0552,0.4378,0.0871
CV,B5,B5_class_weight_threshold_tuning,0.9,0.0,0.0,0.0,0.0,0.0,0.0,0.9347,0.0036,0.0,0.0,0.8704,0.0552,0.4378,0.0871
LOGO,A0,A0_no_imbalance,0.2,0.2825,0.2261,0.2863,0.2127,0.3326,0.299,0.9097,0.0452,0.3838,0.3322,0.8055,0.1506,0.4547,0.2486
LOGO,A0,A0_no_imbalance,0.5,0.3066,0.2492,0.266,0.2332,0.5938,0.4171,0.9375,0.0515,0.216,0.2679,0.8055,0.1506,0.4547,0.2486
LOGO,B1,B1_class_weight,0.2,0.267,0.2374,0.2921,0.2121,0.2741,0.2287,0.8896,0.06,0.4054,0.3336,0.8306,0.1224,0.4472,0.2206
LOGO,B1,B1_class_weight,0.5,0.3262,0.2228,0.2911,0.2078,0.5938,0.375,0.9375,0.0516,0.2389,0.2512,0.8306,0.1224,0.4472,0.2206
LOGO,B2,B2_random_oversampling,0.2,0.2519,0.1941,0.2675,0.1793,0.212,0.1676,0.8514,0.0559,0.5225,0.3469,0.8271,0.133,0.4475,0.2224
LOGO,B2,B2_random_oversampling,0.5,0.319,0.2431,0.3048,0.2226,0.4865,0.3736,0.9299,0.0536,0.2988,0.2861,0.8271,0.133,0.4475,0.2224
LOGO,B3,B3_smote,0.2,0.2206,0.1603,0.2295,0.1462,0.1697,0.1177,0.809,0.0528,0.5662,0.3835,0.8177,0.1396,0.4439,0.2301
LOGO,B3,B3_smote,0.5,0.3006,0.2326,0.2941,0.2152,0.45,0.3451,0.9299,0.0525,0.2837,0.268,0.8177,0.1396,0.4439,0.2301
LOGO,B4,B4_threshold_tuning_only,0.05,0.2055,0.1584,0.2159,0.1479,0.1461,0.1054,0.7222,0.0763,0.6457,0.3757,0.8055,0.1506,0.4547,0.2486
LOGO,B4,B4_threshold_tuning_only,0.1,0.2294,0.1961,0.2439,0.1941,0.1978,0.1814,0.8292,0.0678,0.5213,0.3556,0.8055,0.1506,0.4547,0.2486
LOGO,B4,B4_threshold_tuning_only,0.15,0.2382,0.1941,0.2564,0.1835,0.2491,0.2091,0.8806,0.0503,0.402,0.3318,0.8055,0.1506,0.4547,0.2486
LOGO,B4,B4_threshold_tuning_only,0.2,0.2825,0.2261,0.2863,0.2127,0.3326,0.299,0.9097,0.0452,0.3838,0.3322,0.8055,0.1506,0.4547,0.2486
LOGO,B4,B4_threshold_tuning_only,0.25,0.2877,0.2615,0.2855,0.2465,0.4094,0.3647,0.9215,0.0509,0.3102,0.3097,0.8055,0.1506,0.4547,0.2486
LOGO,B4,B4_threshold_tuning_only,0.3,0.3187,0.2614,0.3122,0.25,0.4625,0.3417,0.9312,0.0526,0.3045,0.3095,0.8055,0.1506,0.4547,0.2486
LOGO,B4,B4_threshold_tuning_only,0.35,0.3281,0.2373,0.3118,0.2233,0.5208,0.3542,0.9347,0.0533,0.278,0.2692,0.8055,0.1506,0.4547,0.2486
LOGO,B4,B4_threshold_tuning_only,0.4,0.3329,0.2363,0.2994,0.2258,0.5833,0.3801,0.9375,0.0516,0.2598,0.2725,0.8055,0.1506,0.4547,0.2486
LOGO,B4,B4_threshold_tuning_only,0.45,0.3014,0.2476,0.2682,0.2307,0.5521,0.407,0.9368,0.0511,0.2285,0.2718,0.8055,0.1506,0.4547,0.2486
LOGO,B4,B4_threshold_tuning_only,0.5,0.3066,0.2492,0.266,0.2332,0.5938,0.4171,0.9375,0.0515,0.216,0.2679,0.8055,0.1506,0.4547,0.2486
LOGO,B4,B4_threshold_tuning_only,0.55,0.2292,0.2471,0.2011,0.2186,0.4375,0.4425,0.9354,0.052,0.1679,0.2544,0.8055,0.1506,0.4547,0.2486
LOGO,B4,B4_threshold_tuning_only,0.6,0.2108,0.2554,0.1863,0.2255,0.4062,0.4553,0.934,0.055,0.1593,0.2583,0.8055,0.1506,0.4547,0.2486
LOGO,B4,B4_threshold_tuning_only,0.65,0.1803,0.248,0.1527,0.2176,0.375,0.4655,0.9347,0.0574,0.1357,0.2589,0.8055,0.1506,0.4547,0.2486
LOGO,B4,B4_threshold_tuning_only,0.7,0.0111,0.074,0.0104,0.0417,0.0625,0.25,0.9312,0.0581,0.0057,0.0227,0.8055,0.1506,0.4547,0.2486
LOGO,B4,B4_threshold_tuning_only,0.75,0.0,0.0,0.0,0.0,0.0,0.0,0.934,0.0593,0.0,0.0,0.8055,0.1506,0.4547,0.2486
LOGO,B4,B4_threshold_tuning_only,0.8,0.0,0.0,0.0,0.0,0.0,0.0,0.9347,0.06,0.0,0.0,0.8055,0.1506,0.4547,0.2486
LOGO,B4,B4_threshold_tuning_only,0.85,0.0,0.0,0.0,0.0,0.0,0.0,0.9347,0.06,0.0,0.0,0.8055,0.1506,0.4547,0.2486
LOGO,B4,B4_threshold_tuning_only,0.9,0.0,0.0,0.0,0.0,0.0,0.0,0.9347,0.06,0.0,0.0,0.8055,0.1506,0.4547,0.2486
LOGO,B5,B5_class_weight_threshold_tuning,0.05,0.1798,0.1436,0.1916,0.1258,0.1236,0.083,0.6799,0.0626,0.6541,0.3779,0.8306,0.1224,0.4472,0.2206
LOGO,B5,B5_class_weight_threshold_tuning,0.1,0.218,0.1765,0.2315,0.1689,0.1676,0.1338,0.7854,0.0649,0.5792,0.3621,0.8306,0.1224,0.4472,0.2206
LOGO,B5,B5_class_weight_threshold_tuning,0.15,0.2394,0.1734,0.2576,0.1616,0.212,0.1551,0.8597,0.051,0.4756,0.3218,0.8306,0.1224,0.4472,0.2206
LOGO,B5,B5_class_weight_threshold_tuning,0.2,0.267,0.2374,0.2921,0.2121,0.2741,0.2287,0.8896,0.06,0.4054,0.3336,0.8306,0.1224,0.4472,0.2206
LOGO,B5,B5_class_weight_threshold_tuning,0.25,0.2909,0.2585,0.3149,0.2403,0.3221,0.247,0.9083,0.0608,0.3781,0.3284,0.8306,0.1224,0.4472,0.2206
LOGO,B5,B5_class_weight_threshold_tuning,0.3,0.3108,0.26,0.3162,0.2322,0.4216,0.3709,0.9208,0.0579,0.3269,0.282,0.8306,0.1224,0.4472,0.2206
LOGO,B5,B5_class_weight_threshold_tuning,0.35,0.3096,0.2485,0.3014,0.2227,0.4729,0.3765,0.9285,0.0559,0.2837,0.268,0.8306,0.1224,0.4472,0.2206
LOGO,B5,B5_class_weight_threshold_tuning,0.4,0.3357,0.2484,0.3203,0.2338,0.5312,0.356,0.9354,0.0545,0.278,0.2692,0.8306,0.1224,0.4472,0.2206
LOGO,B5,B5_class_weight_threshold_tuning,0.45,0.3265,0.2316,0.3011,0.2095,0.5625,0.3645,0.9368,0.0545,0.2468,0.2494,0.8306,0.1224,0.4472,0.2206
LOGO,B5,B5_class_weight_threshold_tuning,0.5,0.3262,0.2228,0.2911,0.2078,0.5938,0.375,0.9375,0.0516,0.2389,0.2512,0.8306,0.1224,0.4472,0.2206
LOGO,B5,B5_class_weight_threshold_tuning,0.55,0.2558,0.2204,0.216,0.1934,0.5312,0.427,0.9361,0.0503,0.1744,0.2439,0.8306,0.1224,0.4472,0.2206
LOGO,B5,B5_class_weight_threshold_tuning,0.6,0.1839,0.1914,0.1535,0.1581,0.4375,0.4425,0.9347,0.0493,0.0994,0.1098,0.8306,0.1224,0.4472,0.2206
LOGO,B5,B5_class_weight_threshold_tuning,0.65,0.1515,0.1985,0.1224,0.1617,0.375,0.4655,0.9354,0.0526,0.0789,0.1115,0.8306,0.1224,0.4472,0.2206
LOGO,B5,B5_class_weight_threshold_tuning,0.7,0.0252,0.0826,0.02,0.0548,0.0938,0.272,0.9319,0.0574,0.0114,0.0311,0.8306,0.1224,0.4472,0.2206
LOGO,B5,B5_class_weight_threshold_tuning,0.75,-0.0025,0.0099,0.0,0.0,0.0,0.0,0.934,0.0608,0.0,0.0,0.8306,0.1224,0.4472,0.2206
LOGO,B5,B5_class_weight_threshold_tuning,0.8,0.0,0.0,0.0,0.0,0.0,0.0,0.9347,0.06,0.0,0.0,0.8306,0.1224,0.4472,0.2206
LOGO,B5,B5_class_weight_threshold_tuning,0.85,0.0,0.0,0.0,0.0,0.0,0.0,0.9347,0.06,0.0,0.0,0.8306,0.1224,0.4472,0.2206
LOGO,B5,B5_class_weight_threshold_tuning,0.9,0.0,0.0,0.0,0.0,0.0,0.0,0.9347,0.06,0.0,0.0,0.8306,0.1224,0.4472,0.2206
