NAME,SMILES,Source
(R)-(+)-Limonene,CC1=CC[C@@H](CC1)C(=C)C,excipient
"3,3'-thiodipropionic_acid",C(CSCCC(=O)O)C(=O)O,excipient
Atovaquone,OC1=C([C@H]2CC[C@@H](CC2)C2=CC=C(Cl)C=C2)C(=O)C2=CC=CC=C2C1=O,drug
Chlorpromazine_Hcl,Cl.CN(C)CCCN1C2=CC=CC=C2SC2=C1C=C(Cl)C=C2,drug
Clofazimine,CC(C)N=C1C=C2C(=NC3=CC=CC=C3N2C4=CC=C(C=C4)Cl)C=C1NC5=CC=C(C=C5)Cl,drug
Curcumine,COC1=C(C=CC(=C1)/C=C/C(=O)CC(=O)/C=C/C2=CC(=C(C=C2)O)OC)O,drug
D-sorbitol,C([C@H]([C@H]([C@@H]([C@H](CO)O)O)O)O)O,excipient
DBU,C1CCC2=NCCCN2CC1,excipient
DL-malic_acid,C(C(C(=O)O)O)C(=O)O,excipient
Econazole,ClC1=CC=C(COC(CN2C=CN=C2)C2=C(Cl)C=C(Cl)C=C2)C=C1,drug
Etravirine,CC1=CC(=CC(C)=C1OC1=C(Br)C(N)=NC(NC2=CC=C(C=C2)C#N)=N1)C#N,drug
Fulvestrant,[H][C@@]12CC[C@H](O)[C@@]1(C)CC[C@@]1([H])C2[C@H](CCCCCCCCCS(=O)CCCC(F)(F)C(F)(F)F)CC2=CC(O)=CC=C12,drug
Gefitinib,COC1=C(OCCCN2CCOCC2)C=C2C(NC3=CC(Cl)=C(F)C=C3)=NC=NC2=C1,drug
L-ascorbic_acid,C([C@@H]([C@@H]1C(=C(C(=O)O1)O)O)O)O,excipient
L-asparagine,C([C@@H](C(=O)O)N)C(=O)N,excipient
L-lysine,C(CCN)C[C@@H](C(=O)O)N,excipient
L-proline,C1C[C@H](NC1)C(=O)O,excipient
Lumefantrine,CCCCN(CCCC)CC(O)C1=C2C(=CC(Cl)=C1)\C(=C/C1=CC=C(Cl)C=C1)C1=C2C=CC(Cl)=C1,drug
Nelfinavir,[H][C@@]12CCCC[C@]1([H])CN(C[C@@H](O)[C@H](CSC1=CC=CC=C1)NC(=O)C1=C(C)C(O)=CC=C1)[C@@H](C2)C(=O)NC(C)(C)C,drug
Physcion,COC1=CC2=C(C(O)=C1)C(=O)C1=C(C=C(C)C=C1O)C2=O,drug
Pranlukast,C1=CC=C(C=C1)CCCCOC2=CC=C(C=C2)C(=O)NC3=CC=CC4=C3OC(=CC4=O)C5=NNN=N5,drug
Rapamycin,[H][C@@]1(C[C@@H](C)[C@]2([H])CC(=O)[C@H](C)\C=C(C)\[C@@H](O)[C@@H](OC)C(=O)[C@H](C)C[C@H](C)\C=C\C=C\C=C(C)\[C@H](C[C@]3([H])CC[C@@H](C)[C@@](O)(O3)C(=O)C(=O)N3CCCC[C@@]3([H])C(=O)O2)OC)CC[C@@H](O)[C@@H](C1)OC,drug
Rilpivirine,CC1=CC(\C=C\C#N)=CC(C)=C1NC1=CC=NC(NC2=CC=C(C=C2)C#N)=N1,drug
Sorafenib,CNC(=O)C1=NC=CC(OC2=CC=C(NC(=O)NC3=CC(=C(Cl)C=C3)C(F)(F)F)C=C2)=C1,drug
Taxol,[H][C@]12[C@H](OC(=O)C3=CC=CC=C3)[C@]3(O)C[C@H](OC(=O)[C@H](O)[C@@H](NC(=O)C4=CC=CC=C4)C4=CC=CC=C4)C(C)=C([C@@H](OC(C)=O)C(=O)[C@]1(C)[C@@H](O)C[C@H]1OC[C@@]21OC(C)=O)C3(C)C,drug
Triazabicyclodecene,C1CNC2=NCCCN2C1,excipient
acetylcholine_chloride,CC(=O)OCC[N+](C)(C)C.[Cl-],excipient
adipic_acid,C(CCC(=O)O)CC(=O)O,excipient
alendronate_sodium,C(CC(O)(P(=O)(O)O)P(=O)(O)[O-])CN.[Na+],excipient
allantoin,C1(C(=O)NC(=O)N1)NC(=O)N,excipient
alpha-terpineol,CC1=CCC(CC1)C(C)(C)O,excipient
aspartame,COC(=O)[C@H](CC1=CC=CC=C1)NC(=O)[C@H](CC(=O)O)N,excipient
benzaldehyde,C1=CC=C(C=C1)C=O,excipient
benzoyl_peroxide,C1=CC=C(C=C1)C(=O)OOC(=O)C2=CC=CC=C2,excipient
beta_carotene,CC1=C(C(CCC1)(C)C)/C=C/C(=C/C=C/C(=C/C=C/C=C(/C=C/C=C(/C=C/C2=C(CCCC2(C)C)C)\C)\C)/C)/C,excipient
biotin,C1[C@H]2[C@@H]([C@@H](S1)CCCCC(=O)O)NC(=O)N2,excipient
borneol,C[C@]12CC[C@H](C1(C)C)C[C@H]2O,excipient
budesonide,[H][C@@]12C[C@H]3OC(CCC)O[C@@]3(C(=O)CO)[C@@]1(C)C[C@H](O)[C@@]1([H])[C@@]2([H])CCC2=CC(=O)C=C[C@]12C,excipient
caffeine,CN1C=NC2=C1C(=O)N(C(=O)N2C)C,excipient
candesartan_cilexetil,CCOC1=NC2=CC=CC(=C2N1CC3=CC=C(C=C3)C4=CC=CC=C4C5=NNN=N5)C(=O)OC(C)OC(=O)OC6CCCCC6,excipient
captan,C1C=CCC2C1C(=O)N(C2=O)SC(Cl)(Cl)Cl,excipient
carbamazepine,C1=CC=C2C(=C1)C=CC3=CC=CC=C3N2C(=O)N,excipient
certirizine,OC(=O)COCCN1CCN(CC1)C(C1=CC=CC=C1)C1=CC=C(Cl)C=C1,excipient
cholic_acid,C[C@@H]([C@H]1CC[C@@H]2[C@]1(C)[C@@H](O)C[C@H]3[C@H]2[C@H](O)C[C@H]4[C@]3(C)CC[C@@H](O)C4)CCC(O)=O,excipient
cinnamaldehyde,C1=CC=C(C=C1)/C=C/C=O,excipient
ciprofloxacin,OC(=O)C1=CN(C2CC2)C2=CC(N3CCNCC3)=C(F)C=C2C1=O,excipient
congo_red,C1=CC=C2C(=C1)C(=CC(=C2N)N=NC3=CC=C(C=C3)C4=CC=C(C=C4)N=NC5=C(C6=CC=CC=C6C(=C5)S(=O)(=O)[O-])N)S(=O)(=O)[O-].[Na+].[Na+],excipient
desipramine_hydrochloride,CNCCCN1C2=CC=CC=C2CCC3=CC=CC=C31.Cl,excipient
dibutyl_phthalate,CCCCOC(=O)C1=CC=CC=C1C(=O)OCCCC,excipient
diclofenac,C1=CC=C(C(=C1)CC(=O)O)NC2=C(C=CC=C2Cl)Cl,excipient
emtricitabine,C1[C@H](O[C@H](S1)CO)N2C=C(C(=NC2=O)N)F,excipient
etidronic_acid,CC(O)(P(=O)(O)O)P(=O)(O)O.O,excipient
eucalyptol,CC1(C2CCC(O1)(CC2)C)C,excipient
fenchyl_alcohol,CC1(C2CCC(C2)(C1O)C)C,excipient
fluconazole,C1=CC(=C(C=C1F)F)C(CN2C=NC=N2)(CN3C=NC=N3)O,excipient
fumaric_acid,C(=C/C(=O)O)\C(=O)O,excipient
glycerol,C(C(CO)O)O,excipient
glycocholic_acid,C[C@H](CCC(=O)NCC(=O)O)[C@H]1CC[C@@H]2[C@@]1([C@H](C[C@H]3[C@H]2[C@@H](C[C@H]4[C@@]3(CC[C@H](C4)O)C)O)O)C,excipient
hydrochlorothiazide,C1NC2=CC(=C(C=C2S(=O)(=O)N1)S(=O)(=O)N)Cl,excipient
hydrocortisone,C[C@]12CCC(=O)C=C1CC[C@@H]3[C@@H]2[C@H](C[C@]4([C@H]3CC[C@@]4(C(=O)CO)O)C)O,excipient
indomethacin,CC1=C(C2=C(N1C(=O)C3=CC=C(C=C3)Cl)C=CC(=C2)OC)CC(=O)O,excipient
ketoprofen,CC(C1=CC=CC(=C1)C(=O)C2=CC=CC=C2)C(=O)O,excipient
labetalol_hydrochloride,CC(CCC1=CC=CC=C1)NCC(C2=CC(=C(C=C2)O)C(=O)N)O.Cl,excipient
mannitol,C([C@H]([C@H]([C@@H]([C@@H](CO)O)O)O)O)O,excipient
mebendazole,COC(=O)NC1=NC2=C(N1)C=C(C=C2)C(=O)C3=CC=CC=C3,excipient
meglumine,CNC[C@@H]([C@H]([C@@H]([C@@H](CO)O)O)O)O,excipient
memantine_hydrochloride,CC12CC3CC(C1)(CC(C3)(C2)N)C.Cl,excipient
menthol,CC1CCC(C(C1)O)C(C)C,excipient
methotrexate_hydrate,CN(CC1=CN=C2C(=N1)C(=NC(=N2)N)N)C3=CC=C(C=C3)C(=O)N[C@@H](CCC(=O)O)C(=O)O.O,excipient
metoprolol(+)-tartrate,CC(C)NCC(COC1=CC=C(C=C1)CCOC)O.CC(C)NCC(COC1=CC=C(C=C1)CCOC)O.[C@@H]([C@@H](C(=O)O)O)(C(=O)O)O,excipient
moxifloxacin,[H][C@]12CN(C[C@@]1([H])NCCC2)C1=C(F)C=C2C(=O)C(=CN(C3CC3)C2=C1OC)C(O)=O,excipient
nadolol,CC(C)(C)NCC(COC1=CC=CC2=C1C[C@@H]([C@@H](C2)O)O)O,excipient
naproxen_sodium,C[C@@H](C1=CC2=C(C=C1)C=C(C=C2)OC)C(=O)[O-].[Na+],excipient
neohesperidin_DC,C[C@H]1[C@@H]([C@H]([C@H]([C@@H](O1)O[C@@H]2[C@H]([C@@H]([C@H](O[C@H]2OC3=CC(=C(C(=C3)O)C(=O)CCC4=CC(=C(C=C4)OC)O)O)CO)O)O)O)O)O,excipient
neotame,CC(C)(C)CCN[C@@H](CC(=O)O)C(=O)N[C@@H](CC1=CC=CC=C1)C(=O)OC,excipient
octyl_gallate,CCCCCCCCOC(=O)C1=CC(=C(C(=C1)O)O)O,excipient
omeprazole,CC1=CN=C(C(=C1OC)C)CS(=O)C2=NC3=C(N2)C=C(C=C3)OC,excipient
phenytoin,C1=CC=C(C=C1)C2(C(=O)NC(=O)N2)C3=CC=CC=C3,excipient
piroxicam,CN1C(=C(C2=CC=CC=C2S1(=O)=O)O)C(=O)NC3=CC=CC=N3,excipient
prednisone,C[C@]12CC(=O)[C@H]3[C@H]([C@@H]1CC[C@@]2(C(=O)CO)O)CCC4=CC(=O)C=C[C@]34C,excipient
propranolol_hydrochloride,CC(C)NCC(COC1=CC=CC2=CC=CC=C21)O.Cl,excipient
propylene_glycol,CC(CO)O,excipient
rhodamine_B,CCN(CC)C1=CC2=C(C=C1)C(=C3C=CC(=[N+](CC)CC)C=C3O2)C4=CC=CC=C4C(=O)O.[Cl-],excipient
risperidone,CC1=C(C(=O)N2CCCCC2=N1)CCN3CCC(CC3)C4=NOC5=C4C=CC(=C5)F,excipient
saccharin,C1=CC=C2C(=C1)C(=O)NS2(=O)=O,excipient
sodium_deoxycholate,C[C@H](CCC(=O)[O-])[C@H]1CC[C@@H]2[C@@]1([C@H](C[C@H]3[C@H]2CC[C@H]4[C@@]3(CC[C@H](C4)O)C)O)C.[Na+],excipient
squalene,CC(=CCC/C(=C/CC/C(=C/CC/C=C(/CC/C=C(/CCC=C(C)C)\C)\C)/C)/C)C,excipient
stearic_acid,CCCCCCCCCCCCCCCCCC(=O)O,excipient
succinic_acid,C(CC(=O)O)C(=O)O,excipient
sucrose_octaacetate,CC(=O)OC[C@@H]1[C@H]([C@@H]([C@H]([C@H](O1)O[C@]2([C@H]([C@@H]([C@H](O2)COC(=O)C)OC(=O)C)OC(=O)C)COC(=O)C)OC(=O)C)OC(=O)C)OC(=O)C,excipient
tannic_acid,C1=C(C=C(C(=C1O)O)O)C(=O)OC2=CC(=CC(=C2O)O)C(=O)OC[C@@H]3[C@H]([C@@H]([C@H]([C@@H](O3)OC(=O)C4=CC(=C(C(=C4)OC(=O)C5=CC(=C(C(=C5)O)O)O)O)O)OC(=O)C6=CC(=C(C(=C6)OC(=O)C7=CC(=C(C(=C7)O)O)O)O)O)OC(=O)C8=CC(=C(C(=C8)OC(=O)C9=CC(=C(C(=C9)O)O)O)O)O)OC(=O)C1=CC(=C(C(=C1)OC(=O)C1=CC(=C(C(=C1)O)O)O)O)O,excipient
tenofovir_alafenamide,C[C@H](CN1C=NC2=C1N=CN=C2N)OC[P@@](=O)(N[C@@H](C)C(=O)OC(C)C)OC3=CC=CC=C3,excipient
terpinyl_butyrate,CCCC(=O)OC(C)(C)[C@@H]1CCC(=CC1)C,excipient
theobromine,CN1C=NC2=C1C(=O)NC(=O)N2C,excipient
theophylline,CN1C2=C(C(=O)N(C1=O)C)NC=N2,excipient
thimerosal,CC[Hg]SC1=CC=CC=C1C(=O)[O-].[Na+],excipient
trans-cinnamic_acid,C1=CC=C(C=C1)/C=C/C(=O)O,excipient
trans_anethole,C/C=C/C1=CC=C(C=C1)OC,excipient
triacetin,CC(=O)OCC(COC(=O)C)OC(=O)C,excipient
triethyl_citrate,CCOC(=O)CC(CC(=O)OCC)(C(=O)OCC)O,excipient
trometamol,C(C(CO)(CO)N)O,excipient
tyramine,C1=CC(=CC=C1CCN)O,excipient
ursodiol,C[C@H](CCC(=O)O)[C@H]1CC[C@@H]2[C@@]1(CC[C@H]3[C@H]2[C@H](C[C@H]4[C@@]3(CC[C@H](C4)O)C)O)C,excipient
vanillin,COC1=C(C=CC(=C1)C=O)O,excipient
vitamin_A_palmitate,CCCCCCCCCCCCCCCC(=O)OC/C=C(\C)/C=C/C=C(\C)/C=C/C1=C(CCCC1(C)C)C,excipient
xylitol,C([C@H](C([C@H](CO)O)O)O)O,excipient
