Evaluation,FeatureSetup,Purpose,RepresentationStage,Representation,ImbalanceStage,ClassBalance,Model,Threshold,MCC_mean,MCC_std,F1_mean,F1_std,Precision_mean,Precision_std,Accuracy_mean,Accuracy_std,Recall_mean,Recall_std,AUROC_mean,AUROC_std,AUPRC_mean,AUPRC_std
CV,decision_c7_b4,thresholded_decision,C7,C7_morgan_chemberta,B4,False,ExtraTrees,0.05,0.3195,0.0546,0.3145,0.0417,0.1979,0.0344,0.7701,0.0443,0.8011,0.1401,0.8723,0.0544,0.3999,0.0912
CV,decision_c7_b4,thresholded_decision,C7,C7_morgan_chemberta,B4,False,ExtraTrees,0.1,0.3492,0.0921,0.3685,0.0762,0.2623,0.0658,0.85,0.0409,0.6611,0.1791,0.8723,0.0544,0.3999,0.0912
CV,decision_c7_b4,thresholded_decision,C7,C7_morgan_chemberta,B4,False,ExtraTrees,0.15,0.3784,0.0971,0.4096,0.0856,0.3333,0.1089,0.8889,0.0314,0.5756,0.1392,0.8723,0.0544,0.3999,0.0912
CV,decision_c7_b4,thresholded_decision,C7,C7_morgan_chemberta,B4,False,ExtraTrees,0.2,0.3564,0.0991,0.3947,0.0865,0.3626,0.1346,0.9042,0.0251,0.4689,0.1191,0.8723,0.0544,0.3999,0.0912
CV,decision_c7_b4,thresholded_decision,C7,C7_morgan_chemberta,B4,False,ExtraTrees,0.25,0.3368,0.0619,0.3753,0.0531,0.3891,0.1109,0.9153,0.0185,0.3844,0.0618,0.8723,0.0544,0.3999,0.0912
CV,decision_c7_b4,thresholded_decision,C7,C7_morgan_chemberta,B4,False,ExtraTrees,0.3,0.3649,0.0852,0.3957,0.0791,0.4553,0.1188,0.9271,0.0161,0.3633,0.0788,0.8723,0.0544,0.3999,0.0912
CV,decision_c7_b4,thresholded_decision,C7,C7_morgan_chemberta,B4,False,ExtraTrees,0.35,0.3234,0.1574,0.351,0.1442,0.4403,0.1961,0.9278,0.018,0.2978,0.1226,0.8723,0.0544,0.3999,0.0912
CV,decision_c7_b4,thresholded_decision,C7,C7_morgan_chemberta,B4,False,ExtraTrees,0.4,0.3102,0.1473,0.331,0.1369,0.4502,0.184,0.9306,0.0143,0.2656,0.1148,0.8723,0.0544,0.3999,0.0912
CV,decision_c7_b4,thresholded_decision,C7,C7_morgan_chemberta,B4,False,ExtraTrees,0.45,0.3004,0.151,0.311,0.1425,0.47,0.1884,0.9333,0.0132,0.2356,0.115,0.8723,0.0544,0.3999,0.0912
CV,decision_c7_b4,thresholded_decision,C7,C7_morgan_chemberta,B4,False,ExtraTrees,0.5,0.2813,0.1607,0.2805,0.1488,0.47,0.2531,0.9354,0.0109,0.2022,0.1077,0.8723,0.0544,0.3999,0.0912
CV,decision_c7_b4,thresholded_decision,C7,C7_morgan_chemberta,B4,False,ExtraTrees,0.55,0.2681,0.1514,0.2515,0.1452,0.5,0.2324,0.9375,0.0087,0.1711,0.1072,0.8723,0.0544,0.3999,0.0912
CV,decision_c7_b4,thresholded_decision,C7,C7_morgan_chemberta,B4,False,ExtraTrees,0.6,0.2401,0.1795,0.2135,0.1655,0.4833,0.3162,0.9382,0.0095,0.1411,0.1189,0.8723,0.0544,0.3999,0.0912
CV,decision_c7_b4,thresholded_decision,C7,C7_morgan_chemberta,B4,False,ExtraTrees,0.65,0.139,0.175,0.1192,0.1509,0.325,0.3736,0.9354,0.0081,0.0767,0.1051,0.8723,0.0544,0.3999,0.0912
CV,decision_c7_b4,thresholded_decision,C7,C7_morgan_chemberta,B4,False,ExtraTrees,0.7,0.0708,0.1281,0.0564,0.0909,0.2,0.3496,0.934,0.0059,0.0333,0.0537,0.8723,0.0544,0.3999,0.0912
CV,decision_c7_b4,thresholded_decision,C7,C7_morgan_chemberta,B4,False,ExtraTrees,0.75,0.0472,0.1202,0.0382,0.0806,0.15,0.3375,0.9333,0.0059,0.0222,0.0468,0.8723,0.0544,0.3999,0.0912
CV,decision_c7_b4,thresholded_decision,C7,C7_morgan_chemberta,B4,False,ExtraTrees,0.8,-0.0044,0.0094,0.0,0.0,0.0,0.0,0.9333,0.0049,0.0,0.0,0.8723,0.0544,0.3999,0.0912
CV,decision_c7_b4,thresholded_decision,C7,C7_morgan_chemberta,B4,False,ExtraTrees,0.85,-0.0023,0.0072,0.0,0.0,0.0,0.0,0.934,0.0049,0.0,0.0,0.8723,0.0544,0.3999,0.0912
CV,decision_c7_b4,thresholded_decision,C7,C7_morgan_chemberta,B4,False,ExtraTrees,0.9,0.0,0.0,0.0,0.0,0.0,0.0,0.9347,0.0036,0.0,0.0,0.8723,0.0544,0.3999,0.0912
CV,decision_c7_b4,thresholded_decision,C7,C7_morgan_chemberta,B4,False,HistGradientBoosting,0.05,0.3314,0.0872,0.3705,0.0814,0.3585,0.1031,0.9069,0.0272,0.4167,0.1238,0.8371,0.0541,0.3636,0.1011
CV,decision_c7_b4,thresholded_decision,C7,C7_morgan_chemberta,B4,False,HistGradientBoosting,0.1,0.2802,0.0854,0.3178,0.0881,0.3442,0.0914,0.9125,0.0191,0.3211,0.1161,0.8371,0.0541,0.3636,0.1011
CV,decision_c7_b4,thresholded_decision,C7,C7_morgan_chemberta,B4,False,HistGradientBoosting,0.15,0.2462,0.0935,0.2795,0.0916,0.3401,0.1157,0.916,0.0181,0.2567,0.1065,0.8371,0.0541,0.3636,0.1011
CV,decision_c7_b4,thresholded_decision,C7,C7_morgan_chemberta,B4,False,HistGradientBoosting,0.2,0.2594,0.0873,0.2861,0.0909,0.3729,0.0953,0.9229,0.0111,0.2467,0.1067,0.8371,0.0541,0.3636,0.1011
CV,decision_c7_b4,thresholded_decision,C7,C7_morgan_chemberta,B4,False,HistGradientBoosting,0.25,0.2589,0.1079,0.2815,0.1097,0.385,0.1209,0.925,0.0122,0.2356,0.115,0.8371,0.0541,0.3636,0.1011
CV,decision_c7_b4,thresholded_decision,C7,C7_morgan_chemberta,B4,False,HistGradientBoosting,0.3,0.2663,0.1311,0.2812,0.1274,0.4185,0.1691,0.9278,0.0136,0.2256,0.1225,0.8371,0.0541,0.3636,0.1011
CV,decision_c7_b4,thresholded_decision,C7,C7_morgan_chemberta,B4,False,HistGradientBoosting,0.35,0.268,0.1272,0.2769,0.1256,0.44,0.166,0.9299,0.012,0.2144,0.1165,0.8371,0.0541,0.3636,0.1011
CV,decision_c7_b4,thresholded_decision,C7,C7_morgan_chemberta,B4,False,HistGradientBoosting,0.4,0.276,0.1383,0.2827,0.1347,0.4567,0.1773,0.9312,0.0133,0.2144,0.1165,0.8371,0.0541,0.3636,0.1011
CV,decision_c7_b4,thresholded_decision,C7,C7_morgan_chemberta,B4,False,HistGradientBoosting,0.45,0.2562,0.1543,0.2609,0.1488,0.44,0.1957,0.9312,0.0133,0.1933,0.1253,0.8371,0.0541,0.3636,0.1011
CV,decision_c7_b4,thresholded_decision,C7,C7_morgan_chemberta,B4,False,HistGradientBoosting,0.5,0.2751,0.1677,0.2703,0.1591,0.49,0.2209,0.934,0.0144,0.1933,0.1253,0.8371,0.0541,0.3636,0.1011
CV,decision_c7_b4,thresholded_decision,C7,C7_morgan_chemberta,B4,False,HistGradientBoosting,0.55,0.2751,0.1677,0.2703,0.1591,0.49,0.2209,0.934,0.0144,0.1933,0.1253,0.8371,0.0541,0.3636,0.1011
CV,decision_c7_b4,thresholded_decision,C7,C7_morgan_chemberta,B4,False,HistGradientBoosting,0.6,0.2783,0.1649,0.2716,0.1581,0.4983,0.2122,0.9347,0.014,0.1933,0.1253,0.8371,0.0541,0.3636,0.1011
CV,decision_c7_b4,thresholded_decision,C7,C7_morgan_chemberta,B4,False,HistGradientBoosting,0.65,0.2771,0.1377,0.264,0.1343,0.515,0.1759,0.9361,0.0097,0.1822,0.1036,0.8371,0.0541,0.3636,0.1011
CV,decision_c7_b4,thresholded_decision,C7,C7_morgan_chemberta,B4,False,HistGradientBoosting,0.7,0.2894,0.1612,0.2556,0.1537,0.6083,0.3069,0.9382,0.0106,0.1722,0.1164,0.8371,0.0541,0.3636,0.1011
CV,decision_c7_b4,thresholded_decision,C7,C7_morgan_chemberta,B4,False,HistGradientBoosting,0.75,0.2955,0.1554,0.2571,0.1528,0.625,0.2946,0.9396,0.0087,0.1722,0.1164,0.8371,0.0541,0.3636,0.1011
CV,decision_c7_b4,thresholded_decision,C7,C7_morgan_chemberta,B4,False,HistGradientBoosting,0.8,0.2657,0.1654,0.2181,0.1465,0.625,0.3711,0.9389,0.0079,0.14,0.1047,0.8371,0.0541,0.3636,0.1011
CV,decision_c7_b4,thresholded_decision,C7,C7_morgan_chemberta,B4,False,HistGradientBoosting,0.85,0.2351,0.1844,0.2,0.162,0.525,0.3929,0.9382,0.0083,0.13,0.1133,0.8371,0.0541,0.3636,0.1011
CV,decision_c7_b4,thresholded_decision,C7,C7_morgan_chemberta,B4,False,HistGradientBoosting,0.9,0.2169,0.1775,0.1725,0.1492,0.5417,0.4181,0.9375,0.0087,0.1089,0.1049,0.8371,0.0541,0.3636,0.1011
CV,decision_c7_b4,thresholded_decision,C7,C7_morgan_chemberta,B4,False,KernelSVM,0.05,0.1938,0.0491,0.1928,0.0204,0.1077,0.0121,0.4903,0.0633,0.9278,0.0984,0.8371,0.0631,0.3749,0.0753
CV,decision_c7_b4,thresholded_decision,C7,C7_morgan_chemberta,B4,False,KernelSVM,0.1,0.3191,0.0957,0.3524,0.0887,0.4109,0.1199,0.9229,0.0168,0.32,0.0895,0.8371,0.0631,0.3749,0.0753
CV,decision_c7_b4,thresholded_decision,C7,C7_morgan_chemberta,B4,False,KernelSVM,0.15,0.334,0.1145,0.3144,0.1163,0.5988,0.1836,0.9389,0.0079,0.2244,0.1049,0.8371,0.0631,0.3749,0.0753
CV,decision_c7_b4,thresholded_decision,C7,C7_morgan_chemberta,B4,False,KernelSVM,0.2,0.3357,0.1607,0.3048,0.1505,0.6417,0.3241,0.9403,0.0088,0.2144,0.1215,0.8371,0.0631,0.3749,0.0753
CV,decision_c7_b4,thresholded_decision,C7,C7_morgan_chemberta,B4,False,KernelSVM,0.25,0.3357,0.1607,0.3048,0.1505,0.6417,0.3241,0.9403,0.0088,0.2144,0.1215,0.8371,0.0631,0.3749,0.0753
CV,decision_c7_b4,thresholded_decision,C7,C7_morgan_chemberta,B4,False,KernelSVM,0.3,0.3357,0.1607,0.3048,0.1505,0.6417,0.3241,0.9403,0.0088,0.2144,0.1215,0.8371,0.0631,0.3749,0.0753
CV,decision_c7_b4,thresholded_decision,C7,C7_morgan_chemberta,B4,False,KernelSVM,0.35,0.3147,0.1444,0.282,0.1273,0.6267,0.322,0.9389,0.0079,0.1933,0.0984,0.8371,0.0631,0.3749,0.0753
CV,decision_c7_b4,thresholded_decision,C7,C7_morgan_chemberta,B4,False,KernelSVM,0.4,0.2559,0.1552,0.2305,0.1489,0.5267,0.3474,0.9368,0.0061,0.1611,0.1164,0.8371,0.0631,0.3749,0.0753
CV,decision_c7_b4,thresholded_decision,C7,C7_morgan_chemberta,B4,False,KernelSVM,0.45,0.2297,0.1782,0.2151,0.1695,0.4367,0.3437,0.9368,0.0069,0.1511,0.1262,0.8371,0.0631,0.3749,0.0753
CV,decision_c7_b4,thresholded_decision,C7,C7_morgan_chemberta,B4,False,KernelSVM,0.5,0.2039,0.1656,0.189,0.1522,0.41,0.34,0.9354,0.0066,0.1289,0.1089,0.8371,0.0631,0.3749,0.0753
CV,decision_c7_b4,thresholded_decision,C7,C7_morgan_chemberta,B4,False,KernelSVM,0.55,0.1954,0.1707,0.1777,0.1515,0.4083,0.3524,0.9354,0.0074,0.1178,0.1039,0.8371,0.0631,0.3749,0.0753
CV,decision_c7_b4,thresholded_decision,C7,C7_morgan_chemberta,B4,False,KernelSVM,0.6,0.1844,0.1552,0.1656,0.1329,0.4,0.3443,0.9347,0.0067,0.1078,0.088,0.8371,0.0631,0.3749,0.0753
CV,decision_c7_b4,thresholded_decision,C7,C7_morgan_chemberta,B4,False,KernelSVM,0.65,0.1753,0.1459,0.153,0.1236,0.4,0.3352,0.9347,0.0067,0.0978,0.0818,0.8371,0.0631,0.3749,0.0753
CV,decision_c7_b4,thresholded_decision,C7,C7_morgan_chemberta,B4,False,KernelSVM,0.7,0.1389,0.1388,0.1197,0.1142,0.3333,0.3425,0.934,0.0059,0.0756,0.074,0.8371,0.0631,0.3749,0.0753
CV,decision_c7_b4,thresholded_decision,C7,C7_morgan_chemberta,B4,False,KernelSVM,0.75,0.0625,0.1263,0.053,0.0855,0.2,0.3496,0.9319,0.0055,0.0311,0.0502,0.8371,0.0631,0.3749,0.0753
CV,decision_c7_b4,thresholded_decision,C7,C7_morgan_chemberta,B4,False,KernelSVM,0.8,0.0362,0.0911,0.0348,0.0736,0.1,0.2108,0.9326,0.0057,0.0211,0.0446,0.8371,0.0631,0.3749,0.0753
CV,decision_c7_b4,thresholded_decision,C7,C7_morgan_chemberta,B4,False,KernelSVM,0.85,0.0471,0.1176,0.0367,0.0777,0.15,0.3375,0.9333,0.0067,0.0211,0.0446,0.8371,0.0631,0.3749,0.0753
CV,decision_c7_b4,thresholded_decision,C7,C7_morgan_chemberta,B4,False,KernelSVM,0.9,0.0502,0.1158,0.0367,0.0777,0.15,0.3375,0.9347,0.0059,0.0211,0.0446,0.8371,0.0631,0.3749,0.0753
CV,decision_c7_b4,thresholded_decision,C7,C7_morgan_chemberta,B4,False,LightGBM,0.05,0.29,0.0932,0.3203,0.0942,0.3947,0.092,0.9257,0.0081,0.2756,0.0999,0.8301,0.0631,0.3751,0.1256
CV,decision_c7_b4,thresholded_decision,C7,C7_morgan_chemberta,B4,False,LightGBM,0.1,0.3012,0.1161,0.3229,0.1173,0.4317,0.1233,0.9299,0.0101,0.2656,0.1125,0.8301,0.0631,0.3751,0.1256
CV,decision_c7_b4,thresholded_decision,C7,C7_morgan_chemberta,B4,False,LightGBM,0.15,0.3128,0.1167,0.3183,0.1247,0.5025,0.2144,0.9326,0.0093,0.2544,0.1223,0.8301,0.0631,0.3751,0.1256
CV,decision_c7_b4,thresholded_decision,C7,C7_morgan_chemberta,B4,False,LightGBM,0.2,0.2953,0.1555,0.2991,0.1558,0.4817,0.266,0.934,0.0088,0.2344,0.1384,0.8301,0.0631,0.3751,0.1256
CV,decision_c7_b4,thresholded_decision,C7,C7_morgan_chemberta,B4,False,LightGBM,0.25,0.2763,0.1508,0.2778,0.1505,0.4683,0.2646,0.9333,0.0082,0.2144,0.1343,0.8301,0.0631,0.3751,0.1256
CV,decision_c7_b4,thresholded_decision,C7,C7_morgan_chemberta,B4,False,LightGBM,0.3,0.2617,0.1568,0.2583,0.1524,0.4667,0.2768,0.9333,0.0094,0.1944,0.135,0.8301,0.0631,0.3751,0.1256
CV,decision_c7_b4,thresholded_decision,C7,C7_morgan_chemberta,B4,False,LightGBM,0.35,0.2492,0.1875,0.2462,0.175,0.4483,0.3247,0.9333,0.0114,0.1844,0.146,0.8301,0.0631,0.3751,0.1256
CV,decision_c7_b4,thresholded_decision,C7,C7_morgan_chemberta,B4,False,LightGBM,0.4,0.2529,0.1919,0.2491,0.1794,0.4555,0.3267,0.934,0.0119,0.1844,0.146,0.8301,0.0631,0.3751,0.1256
CV,decision_c7_b4,thresholded_decision,C7,C7_morgan_chemberta,B4,False,LightGBM,0.45,0.2529,0.1919,0.2491,0.1794,0.4555,0.3267,0.934,0.0119,0.1844,0.146,0.8301,0.0631,0.3751,0.1256
CV,decision_c7_b4,thresholded_decision,C7,C7_morgan_chemberta,B4,False,LightGBM,0.5,0.2499,0.2049,0.2418,0.1881,0.4667,0.3452,0.9347,0.0136,0.1733,0.1471,0.8301,0.0631,0.3751,0.1256
CV,decision_c7_b4,thresholded_decision,C7,C7_morgan_chemberta,B4,False,LightGBM,0.55,0.2541,0.2016,0.2431,0.1875,0.475,0.3403,0.9361,0.0122,0.1733,0.1471,0.8301,0.0631,0.3751,0.1256
CV,decision_c7_b4,thresholded_decision,C7,C7_morgan_chemberta,B4,False,LightGBM,0.6,0.2598,0.2106,0.2469,0.1943,0.4883,0.3511,0.9368,0.0133,0.1733,0.1471,0.8301,0.0631,0.3751,0.1256
CV,decision_c7_b4,thresholded_decision,C7,C7_morgan_chemberta,B4,False,LightGBM,0.65,0.2598,0.2106,0.2469,0.1943,0.4883,0.3511,0.9368,0.0133,0.1733,0.1471,0.8301,0.0631,0.3751,0.1256
CV,decision_c7_b4,thresholded_decision,C7,C7_morgan_chemberta,B4,False,LightGBM,0.7,0.2621,0.2073,0.2469,0.1943,0.4883,0.3511,0.9375,0.0127,0.1733,0.1471,0.8301,0.0631,0.3751,0.1256
CV,decision_c7_b4,thresholded_decision,C7,C7_morgan_chemberta,B4,False,LightGBM,0.75,0.2487,0.22,0.2254,0.1941,0.5,0.3987,0.9375,0.0131,0.1511,0.1366,0.8301,0.0631,0.3751,0.1256
CV,decision_c7_b4,thresholded_decision,C7,C7_morgan_chemberta,B4,False,LightGBM,0.8,0.2642,0.2178,0.2282,0.1931,0.5667,0.4227,0.9389,0.0122,0.1511,0.1366,0.8301,0.0631,0.3751,0.1256
CV,decision_c7_b4,thresholded_decision,C7,C7_morgan_chemberta,B4,False,LightGBM,0.85,0.2649,0.2168,0.2282,0.1931,0.5667,0.4227,0.9396,0.0109,0.1511,0.1366,0.8301,0.0631,0.3751,0.1256
CV,decision_c7_b4,thresholded_decision,C7,C7_morgan_chemberta,B4,False,LightGBM,0.9,0.2649,0.2168,0.2282,0.1931,0.5667,0.4227,0.9396,0.0109,0.1511,0.1366,0.8301,0.0631,0.3751,0.1256
CV,decision_c7_b4,thresholded_decision,C7,C7_morgan_chemberta,B4,False,LogisticRegression,0.05,0.253,0.0658,0.2731,0.0484,0.1716,0.0329,0.7618,0.0375,0.68,0.1116,0.8361,0.0617,0.3749,0.1473
CV,decision_c7_b4,thresholded_decision,C7,C7_morgan_chemberta,B4,False,LogisticRegression,0.1,0.2709,0.1073,0.3077,0.0917,0.2175,0.0723,0.8361,0.0433,0.55,0.1657,0.8361,0.0617,0.3749,0.1473
CV,decision_c7_b4,thresholded_decision,C7,C7_morgan_chemberta,B4,False,LogisticRegression,0.15,0.2879,0.1538,0.3328,0.1386,0.2647,0.1303,0.8715,0.0396,0.4744,0.1747,0.8361,0.0617,0.3749,0.1473
CV,decision_c7_b4,thresholded_decision,C7,C7_morgan_chemberta,B4,False,LogisticRegression,0.2,0.3072,0.1214,0.3506,0.1103,0.3151,0.1231,0.8965,0.0284,0.4244,0.1469,0.8361,0.0617,0.3749,0.1473
CV,decision_c7_b4,thresholded_decision,C7,C7_morgan_chemberta,B4,False,LogisticRegression,0.25,0.2863,0.117,0.3306,0.1078,0.3214,0.1219,0.9049,0.0236,0.3611,0.1344,0.8361,0.0617,0.3749,0.1473
CV,decision_c7_b4,thresholded_decision,C7,C7_morgan_chemberta,B4,False,LogisticRegression,0.3,0.3027,0.1384,0.3435,0.1258,0.363,0.1606,0.9146,0.0212,0.34,0.1289,0.8361,0.0617,0.3749,0.1473
CV,decision_c7_b4,thresholded_decision,C7,C7_morgan_chemberta,B4,False,LogisticRegression,0.35,0.3045,0.1528,0.3393,0.1419,0.3914,0.1742,0.9222,0.0179,0.3089,0.1373,0.8361,0.0617,0.3749,0.1473
CV,decision_c7_b4,thresholded_decision,C7,C7_morgan_chemberta,B4,False,LogisticRegression,0.4,0.3046,0.1595,0.3292,0.1458,0.4326,0.2081,0.9257,0.0202,0.2778,0.1272,0.8361,0.0617,0.3749,0.1473
CV,decision_c7_b4,thresholded_decision,C7,C7_morgan_chemberta,B4,False,LogisticRegression,0.45,0.2671,0.1877,0.2845,0.174,0.4188,0.2391,0.9271,0.0205,0.2244,0.1447,0.8361,0.0617,0.3749,0.1473
CV,decision_c7_b4,thresholded_decision,C7,C7_morgan_chemberta,B4,False,LogisticRegression,0.5,0.2523,0.1858,0.2612,0.1692,0.4267,0.2525,0.9299,0.0168,0.1933,0.1339,0.8361,0.0617,0.3749,0.1473
CV,decision_c7_b4,thresholded_decision,C7,C7_morgan_chemberta,B4,False,LogisticRegression,0.55,0.2544,0.1808,0.2562,0.1581,0.4517,0.2722,0.9312,0.0155,0.1822,0.1138,0.8361,0.0617,0.3749,0.1473
CV,decision_c7_b4,thresholded_decision,C7,C7_morgan_chemberta,B4,False,LogisticRegression,0.6,0.2537,0.1991,0.2374,0.1658,0.5167,0.366,0.9326,0.0164,0.16,0.1148,0.8361,0.0617,0.3749,0.1473
CV,decision_c7_b4,thresholded_decision,C7,C7_morgan_chemberta,B4,False,LogisticRegression,0.65,0.2708,0.1971,0.233,0.1539,0.6083,0.4045,0.9347,0.0164,0.15,0.1052,0.8361,0.0617,0.3749,0.1473
CV,decision_c7_b4,thresholded_decision,C7,C7_morgan_chemberta,B4,False,LogisticRegression,0.7,0.2773,0.1979,0.2355,0.1555,0.625,0.403,0.9361,0.0153,0.15,0.1052,0.8361,0.0617,0.3749,0.1473
CV,decision_c7_b4,thresholded_decision,C7,C7_morgan_chemberta,B4,False,LogisticRegression,0.75,0.2337,0.1963,0.1874,0.1575,0.5917,0.4417,0.9361,0.0122,0.1178,0.1088,0.8361,0.0617,0.3749,0.1473
CV,decision_c7_b4,thresholded_decision,C7,C7_morgan_chemberta,B4,False,LogisticRegression,0.8,0.1774,0.1787,0.1394,0.1334,0.4667,0.4431,0.9361,0.0064,0.0844,0.0835,0.8361,0.0617,0.3749,0.1473
CV,decision_c7_b4,thresholded_decision,C7,C7_morgan_chemberta,B4,False,LogisticRegression,0.85,0.1558,0.1815,0.1097,0.1233,0.45,0.4972,0.9368,0.0069,0.0633,0.0722,0.8361,0.0617,0.3749,0.1473
CV,decision_c7_b4,thresholded_decision,C7,C7_morgan_chemberta,B4,False,LogisticRegression,0.9,0.0804,0.1372,0.0545,0.0878,0.25,0.4249,0.9354,0.0047,0.0311,0.0502,0.8361,0.0617,0.3749,0.1473
CV,decision_c7_b4,thresholded_decision,C7,C7_morgan_chemberta,B4,False,RandomForest,0.05,0.2882,0.0527,0.2791,0.0401,0.1682,0.0275,0.7132,0.0512,0.84,0.1047,0.8639,0.0589,0.4064,0.0937
CV,decision_c7_b4,thresholded_decision,C7,C7_morgan_chemberta,B4,False,RandomForest,0.1,0.3478,0.0945,0.3525,0.0804,0.2327,0.0621,0.8153,0.0455,0.7533,0.1495,0.8639,0.0589,0.4064,0.0937
CV,decision_c7_b4,thresholded_decision,C7,C7_morgan_chemberta,B4,False,RandomForest,0.15,0.3197,0.086,0.3513,0.0611,0.2606,0.0366,0.8681,0.0176,0.5644,0.1924,0.8639,0.0589,0.4064,0.0937
CV,decision_c7_b4,thresholded_decision,C7,C7_morgan_chemberta,B4,False,RandomForest,0.2,0.3165,0.0914,0.3594,0.0798,0.3071,0.0915,0.8924,0.0241,0.4589,0.1313,0.8639,0.0589,0.4064,0.0937
CV,decision_c7_b4,thresholded_decision,C7,C7_morgan_chemberta,B4,False,RandomForest,0.25,0.3424,0.1038,0.3827,0.0931,0.3824,0.136,0.9132,0.0218,0.4033,0.0934,0.8639,0.0589,0.4064,0.0937
CV,decision_c7_b4,thresholded_decision,C7,C7_morgan_chemberta,B4,False,RandomForest,0.3,0.3059,0.1326,0.3432,0.1214,0.3853,0.1556,0.9194,0.0191,0.32,0.1162,0.8639,0.0589,0.4064,0.0937
CV,decision_c7_b4,thresholded_decision,C7,C7_morgan_chemberta,B4,False,RandomForest,0.35,0.2784,0.1596,0.2999,0.1485,0.4155,0.1926,0.9292,0.0153,0.2367,0.1251,0.8639,0.0589,0.4064,0.0937
CV,decision_c7_b4,thresholded_decision,C7,C7_morgan_chemberta,B4,False,RandomForest,0.4,0.2781,0.174,0.2815,0.1574,0.4683,0.2451,0.9333,0.0143,0.2044,0.1199,0.8639,0.0589,0.4064,0.0937
CV,decision_c7_b4,thresholded_decision,C7,C7_morgan_chemberta,B4,False,RandomForest,0.45,0.2898,0.1488,0.2481,0.1301,0.6417,0.3241,0.9375,0.0113,0.1622,0.0947,0.8639,0.0589,0.4064,0.0937
CV,decision_c7_b4,thresholded_decision,C7,C7_morgan_chemberta,B4,False,RandomForest,0.5,0.3036,0.1363,0.2381,0.1256,0.7417,0.3344,0.9403,0.0075,0.1511,0.0934,0.8639,0.0589,0.4064,0.0937
CV,decision_c7_b4,thresholded_decision,C7,C7_morgan_chemberta,B4,False,RandomForest,0.55,0.3036,0.1363,0.2381,0.1256,0.7417,0.3344,0.9403,0.0075,0.1511,0.0934,0.8639,0.0589,0.4064,0.0937
CV,decision_c7_b4,thresholded_decision,C7,C7_morgan_chemberta,B4,False,RandomForest,0.6,0.3036,0.1363,0.2381,0.1256,0.7417,0.3344,0.9403,0.0075,0.1511,0.0934,0.8639,0.0589,0.4064,0.0937
CV,decision_c7_b4,thresholded_decision,C7,C7_morgan_chemberta,B4,False,RandomForest,0.65,0.1713,0.171,0.1371,0.1455,0.425,0.4091,0.9368,0.0069,0.0867,0.1017,0.8639,0.0589,0.4064,0.0937
CV,decision_c7_b4,thresholded_decision,C7,C7_morgan_chemberta,B4,False,RandomForest,0.7,0.1055,0.152,0.0879,0.1216,0.2667,0.3702,0.9347,0.0059,0.0544,0.0778,0.8639,0.0589,0.4064,0.0937
CV,decision_c7_b4,thresholded_decision,C7,C7_morgan_chemberta,B4,False,RandomForest,0.75,0.0582,0.1404,0.04,0.0843,0.2,0.4216,0.934,0.0067,0.0222,0.0468,0.8639,0.0589,0.4064,0.0937
CV,decision_c7_b4,thresholded_decision,C7,C7_morgan_chemberta,B4,False,RandomForest,0.8,0.0301,0.1035,0.02,0.0632,0.1,0.3162,0.9347,0.0059,0.0111,0.0351,0.8639,0.0589,0.4064,0.0937
CV,decision_c7_b4,thresholded_decision,C7,C7_morgan_chemberta,B4,False,RandomForest,0.85,0.0,0.0,0.0,0.0,0.0,0.0,0.9347,0.0036,0.0,0.0,0.8639,0.0589,0.4064,0.0937
CV,decision_c7_b4,thresholded_decision,C7,C7_morgan_chemberta,B4,False,RandomForest,0.9,0.0,0.0,0.0,0.0,0.0,0.0,0.9347,0.0036,0.0,0.0,0.8639,0.0589,0.4064,0.0937
CV,decision_c7_b4,thresholded_decision,C7,C7_morgan_chemberta,B4,False,XGBoost,0.05,0.3339,0.08,0.3766,0.0729,0.3237,0.0778,0.8965,0.0288,0.47,0.0967,0.8354,0.0516,0.3776,0.1122
CV,decision_c7_b4,thresholded_decision,C7,C7_morgan_chemberta,B4,False,XGBoost,0.1,0.2974,0.0935,0.339,0.0837,0.3427,0.1246,0.9069,0.0241,0.3622,0.1037,0.8354,0.0516,0.3776,0.1122
CV,decision_c7_b4,thresholded_decision,C7,C7_morgan_chemberta,B4,False,XGBoost,0.15,0.3022,0.103,0.3402,0.0902,0.3768,0.1475,0.9139,0.0245,0.33,0.0796,0.8354,0.0516,0.3776,0.1122
CV,decision_c7_b4,thresholded_decision,C7,C7_morgan_chemberta,B4,False,XGBoost,0.2,0.2747,0.1196,0.3092,0.1077,0.3716,0.1423,0.9174,0.0233,0.2789,0.1088,0.8354,0.0516,0.3776,0.1122
CV,decision_c7_b4,thresholded_decision,C7,C7_morgan_chemberta,B4,False,XGBoost,0.25,0.2477,0.1044,0.2807,0.0998,0.3485,0.1091,0.9181,0.0193,0.2478,0.1075,0.8354,0.0516,0.3776,0.1122
CV,decision_c7_b4,thresholded_decision,C7,C7_morgan_chemberta,B4,False,XGBoost,0.3,0.2611,0.1175,0.2841,0.1141,0.3929,0.1376,0.9236,0.0182,0.2367,0.1158,0.8354,0.0516,0.3776,0.1122
CV,decision_c7_b4,thresholded_decision,C7,C7_morgan_chemberta,B4,False,XGBoost,0.35,0.272,0.1278,0.2899,0.1191,0.419,0.1742,0.9257,0.0173,0.2367,0.1158,0.8354,0.0516,0.3776,0.1122
CV,decision_c7_b4,thresholded_decision,C7,C7_morgan_chemberta,B4,False,XGBoost,0.4,0.2812,0.1366,0.2974,0.1279,0.4361,0.1773,0.9278,0.018,0.2367,0.1158,0.8354,0.0516,0.3776,0.1122
CV,decision_c7_b4,thresholded_decision,C7,C7_morgan_chemberta,B4,False,XGBoost,0.45,0.2723,0.1323,0.2802,0.1292,0.4488,0.1708,0.9306,0.0127,0.2144,0.1165,0.8354,0.0516,0.3776,0.1122
CV,decision_c7_b4,thresholded_decision,C7,C7_morgan_chemberta,B4,False,XGBoost,0.5,0.2944,0.1625,0.2814,0.1474,0.5483,0.2972,0.934,0.0144,0.2033,0.1209,0.8354,0.0516,0.3776,0.1122
CV,decision_c7_b4,thresholded_decision,C7,C7_morgan_chemberta,B4,False,XGBoost,0.55,0.2965,0.1923,0.2761,0.1719,0.57,0.3332,0.9361,0.0153,0.1933,0.1339,0.8354,0.0516,0.3776,0.1122
CV,decision_c7_b4,thresholded_decision,C7,C7_morgan_chemberta,B4,False,XGBoost,0.6,0.2856,0.1819,0.2633,0.161,0.5617,0.3292,0.9361,0.0134,0.1822,0.1253,0.8354,0.0516,0.3776,0.1122
CV,decision_c7_b4,thresholded_decision,C7,C7_morgan_chemberta,B4,False,XGBoost,0.65,0.2881,0.1735,0.2566,0.1443,0.5967,0.348,0.9368,0.0124,0.1711,0.1023,0.8354,0.0516,0.3776,0.1122
CV,decision_c7_b4,thresholded_decision,C7,C7_morgan_chemberta,B4,False,XGBoost,0.7,0.249,0.1826,0.223,0.1619,0.5133,0.358,0.9368,0.0106,0.15,0.1153,0.8354,0.0516,0.3776,0.1122
CV,decision_c7_b4,thresholded_decision,C7,C7_morgan_chemberta,B4,False,XGBoost,0.75,0.2535,0.1705,0.2148,0.1474,0.5667,0.3784,0.9382,0.0076,0.1389,0.1,0.8354,0.0516,0.3776,0.1122
CV,decision_c7_b4,thresholded_decision,C7,C7_morgan_chemberta,B4,False,XGBoost,0.8,0.2689,0.1823,0.2204,0.1523,0.6167,0.401,0.9396,0.0087,0.1389,0.1,0.8354,0.0516,0.3776,0.1122
CV,decision_c7_b4,thresholded_decision,C7,C7_morgan_chemberta,B4,False,XGBoost,0.85,0.1961,0.162,0.1442,0.1097,0.55,0.4378,0.9361,0.0072,0.0844,0.065,0.8354,0.0516,0.3776,0.1122
CV,decision_c7_b4,thresholded_decision,C7,C7_morgan_chemberta,B4,False,XGBoost,0.9,0.1645,0.1563,0.1127,0.0973,0.5,0.4714,0.9361,0.0064,0.0644,0.0556,0.8354,0.0516,0.3776,0.1122
CV,ranking_c1_b5,ranking,C1,C1_morgan_only,B5,True,ExtraTrees,0.05,0.3562,0.0602,0.3461,0.0505,0.2201,0.0385,0.7917,0.0406,0.8311,0.1013,0.8821,0.059,0.4335,0.1136
CV,ranking_c1_b5,ranking,C1,C1_morgan_only,B5,True,ExtraTrees,0.1,0.3534,0.0818,0.37,0.0677,0.2594,0.0625,0.8451,0.0396,0.6833,0.1569,0.8821,0.059,0.4335,0.1136
CV,ranking_c1_b5,ranking,C1,C1_morgan_only,B5,True,ExtraTrees,0.15,0.3484,0.0767,0.379,0.0647,0.2886,0.0641,0.8736,0.0298,0.5856,0.1446,0.8821,0.059,0.4335,0.1136
CV,ranking_c1_b5,ranking,C1,C1_morgan_only,B5,True,ExtraTrees,0.2,0.3719,0.0732,0.4073,0.0641,0.3421,0.0688,0.8993,0.0205,0.5322,0.134,0.8821,0.059,0.4335,0.1136
CV,ranking_c1_b5,ranking,C1,C1_morgan_only,B5,True,ExtraTrees,0.25,0.3809,0.0994,0.419,0.0893,0.3801,0.0964,0.9111,0.0214,0.4889,0.1336,0.8821,0.059,0.4335,0.1136
CV,ranking_c1_b5,ranking,C1,C1_morgan_only,B5,True,ExtraTrees,0.3,0.3661,0.0864,0.4058,0.078,0.3976,0.0889,0.9188,0.0147,0.4267,0.1072,0.8821,0.059,0.4335,0.1136
CV,ranking_c1_b5,ranking,C1,C1_morgan_only,B5,True,ExtraTrees,0.35,0.3215,0.1078,0.3603,0.1011,0.3896,0.1112,0.9208,0.0161,0.3422,0.1042,0.8821,0.059,0.4335,0.1136
CV,ranking_c1_b5,ranking,C1,C1_morgan_only,B5,True,ExtraTrees,0.4,0.3457,0.1049,0.3765,0.097,0.4471,0.1277,0.9278,0.0161,0.3311,0.0826,0.8821,0.059,0.4335,0.1136
CV,ranking_c1_b5,ranking,C1,C1_morgan_only,B5,True,ExtraTrees,0.45,0.3239,0.1234,0.3427,0.1129,0.4692,0.1704,0.9306,0.0146,0.2778,0.0949,0.8821,0.059,0.4335,0.1136
CV,ranking_c1_b5,ranking,C1,C1_morgan_only,B5,True,ExtraTrees,0.5,0.3103,0.145,0.3207,0.1315,0.4839,0.2015,0.9319,0.0163,0.2467,0.1067,0.8821,0.059,0.4335,0.1136
CV,ranking_c1_b5,ranking,C1,C1_morgan_only,B5,True,ExtraTrees,0.55,0.3195,0.1581,0.3193,0.1464,0.5252,0.2179,0.9354,0.0147,0.2356,0.115,0.8821,0.059,0.4335,0.1136
CV,ranking_c1_b5,ranking,C1,C1_morgan_only,B5,True,ExtraTrees,0.6,0.3096,0.1327,0.3016,0.1196,0.54,0.1986,0.9361,0.0117,0.2133,0.0885,0.8821,0.059,0.4335,0.1136
CV,ranking_c1_b5,ranking,C1,C1_morgan_only,B5,True,ExtraTrees,0.65,0.2552,0.171,0.2414,0.1412,0.4917,0.2978,0.9347,0.0128,0.1611,0.0927,0.8821,0.059,0.4335,0.1136
CV,ranking_c1_b5,ranking,C1,C1_morgan_only,B5,True,ExtraTrees,0.7,0.227,0.1859,0.2135,0.1568,0.45,0.322,0.9347,0.0128,0.1411,0.1042,0.8821,0.059,0.4335,0.1136
CV,ranking_c1_b5,ranking,C1,C1_morgan_only,B5,True,ExtraTrees,0.75,0.2053,0.1764,0.1499,0.1175,0.5833,0.4665,0.9361,0.0112,0.0878,0.07,0.8821,0.059,0.4335,0.1136
CV,ranking_c1_b5,ranking,C1,C1_morgan_only,B5,True,ExtraTrees,0.8,0.0804,0.1439,0.0567,0.0917,0.25,0.4249,0.9347,0.0067,0.0322,0.052,0.8821,0.059,0.4335,0.1136
CV,ranking_c1_b5,ranking,C1,C1_morgan_only,B5,True,ExtraTrees,0.85,0.0306,0.0968,0.0182,0.0575,0.1,0.3162,0.9354,0.0034,0.01,0.0316,0.8821,0.059,0.4335,0.1136
CV,ranking_c1_b5,ranking,C1,C1_morgan_only,B5,True,ExtraTrees,0.9,0.0,0.0,0.0,0.0,0.0,0.0,0.9347,0.0036,0.0,0.0,0.8821,0.059,0.4335,0.1136
CV,ranking_c1_b5,ranking,C1,C1_morgan_only,B5,True,HistGradientBoosting,0.05,0.2639,0.087,0.2821,0.064,0.178,0.0439,0.7667,0.0382,0.6911,0.1289,0.8139,0.0839,0.4222,0.1335
CV,ranking_c1_b5,ranking,C1,C1_morgan_only,B5,True,HistGradientBoosting,0.1,0.2737,0.1071,0.3028,0.0876,0.2024,0.0665,0.8097,0.0405,0.6178,0.1404,0.8139,0.0839,0.4222,0.1335
CV,ranking_c1_b5,ranking,C1,C1_morgan_only,B5,True,HistGradientBoosting,0.15,0.284,0.103,0.3186,0.0888,0.2236,0.0723,0.8361,0.0397,0.5733,0.1348,0.8139,0.0839,0.4222,0.1335
CV,ranking_c1_b5,ranking,C1,C1_morgan_only,B5,True,HistGradientBoosting,0.2,0.2903,0.1057,0.3305,0.093,0.2444,0.0847,0.8542,0.0398,0.5322,0.1212,0.8139,0.0839,0.4222,0.1335
CV,ranking_c1_b5,ranking,C1,C1_morgan_only,B5,True,HistGradientBoosting,0.25,0.3187,0.1132,0.3584,0.1016,0.2763,0.0987,0.8708,0.0371,0.5322,0.1212,0.8139,0.0839,0.4222,0.1335
CV,ranking_c1_b5,ranking,C1,C1_morgan_only,B5,True,HistGradientBoosting,0.3,0.3457,0.1168,0.3841,0.1076,0.3105,0.1166,0.884,0.0353,0.5322,0.1212,0.8139,0.0839,0.4222,0.1335
CV,ranking_c1_b5,ranking,C1,C1_morgan_only,B5,True,HistGradientBoosting,0.35,0.3516,0.1137,0.3907,0.1046,0.3226,0.1128,0.8903,0.0329,0.5211,0.1239,0.8139,0.0839,0.4222,0.1335
CV,ranking_c1_b5,ranking,C1,C1_morgan_only,B5,True,HistGradientBoosting,0.4,0.3377,0.1076,0.3783,0.0948,0.3295,0.1277,0.8931,0.0326,0.48,0.1217,0.8139,0.0839,0.4222,0.1335
CV,ranking_c1_b5,ranking,C1,C1_morgan_only,B5,True,HistGradientBoosting,0.45,0.34,0.1273,0.38,0.1119,0.3478,0.1535,0.8986,0.0339,0.4578,0.137,0.8139,0.0839,0.4222,0.1335
CV,ranking_c1_b5,ranking,C1,C1_morgan_only,B5,True,HistGradientBoosting,0.5,0.3494,0.1272,0.3886,0.1124,0.3607,0.1537,0.9028,0.0319,0.4578,0.137,0.8139,0.0839,0.4222,0.1335
CV,ranking_c1_b5,ranking,C1,C1_morgan_only,B5,True,HistGradientBoosting,0.55,0.3619,0.1312,0.4014,0.1166,0.3763,0.15,0.9083,0.0296,0.4578,0.137,0.8139,0.0839,0.4222,0.1335
CV,ranking_c1_b5,ranking,C1,C1_morgan_only,B5,True,HistGradientBoosting,0.6,0.3586,0.1246,0.396,0.1104,0.3864,0.1468,0.9118,0.0258,0.4378,0.1445,0.8139,0.0839,0.4222,0.1335
CV,ranking_c1_b5,ranking,C1,C1_morgan_only,B5,True,HistGradientBoosting,0.65,0.3521,0.1321,0.3876,0.1187,0.3984,0.1421,0.9174,0.0211,0.4056,0.1654,0.8139,0.0839,0.4222,0.1335
CV,ranking_c1_b5,ranking,C1,C1_morgan_only,B5,True,HistGradientBoosting,0.7,0.3457,0.12,0.3783,0.1063,0.4282,0.1639,0.9201,0.0246,0.3622,0.1062,0.8139,0.0839,0.4222,0.1335
CV,ranking_c1_b5,ranking,C1,C1_morgan_only,B5,True,HistGradientBoosting,0.75,0.3418,0.1269,0.3717,0.1203,0.435,0.1521,0.9257,0.0173,0.3411,0.126,0.8139,0.0839,0.4222,0.1335
CV,ranking_c1_b5,ranking,C1,C1_morgan_only,B5,True,HistGradientBoosting,0.8,0.3005,0.1598,0.3185,0.1549,0.4368,0.1947,0.9292,0.0149,0.2667,0.1485,0.8139,0.0839,0.4222,0.1335
CV,ranking_c1_b5,ranking,C1,C1_morgan_only,B5,True,HistGradientBoosting,0.85,0.3067,0.1425,0.3083,0.1398,0.5019,0.1852,0.934,0.0128,0.2344,0.1234,0.8139,0.0839,0.4222,0.1335
CV,ranking_c1_b5,ranking,C1,C1_morgan_only,B5,True,HistGradientBoosting,0.9,0.3525,0.1539,0.3225,0.1501,0.6617,0.2481,0.941,0.0119,0.2233,0.1185,0.8139,0.0839,0.4222,0.1335
CV,ranking_c1_b5,ranking,C1,C1_morgan_only,B5,True,KernelSVM,0.05,0.2663,0.0495,0.2611,0.0297,0.1554,0.0189,0.6924,0.0438,0.8289,0.1149,0.838,0.0588,0.368,0.1137
CV,ranking_c1_b5,ranking,C1,C1_morgan_only,B5,True,KernelSVM,0.1,0.2853,0.0891,0.3206,0.0743,0.2268,0.0572,0.8431,0.0314,0.5622,0.1347,0.838,0.0588,0.368,0.1137
CV,ranking_c1_b5,ranking,C1,C1_morgan_only,B5,True,KernelSVM,0.15,0.2784,0.109,0.3277,0.0989,0.2778,0.0984,0.8861,0.0289,0.4144,0.1126,0.838,0.0588,0.368,0.1137
CV,ranking_c1_b5,ranking,C1,C1_morgan_only,B5,True,KernelSVM,0.2,0.2949,0.1426,0.3358,0.12,0.3682,0.2127,0.9097,0.0266,0.3289,0.073,0.838,0.0588,0.368,0.1137
CV,ranking_c1_b5,ranking,C1,C1_morgan_only,B5,True,KernelSVM,0.25,0.2549,0.1318,0.2848,0.1166,0.3692,0.1883,0.9188,0.0182,0.2467,0.1067,0.838,0.0588,0.368,0.1137
CV,ranking_c1_b5,ranking,C1,C1_morgan_only,B5,True,KernelSVM,0.3,0.2701,0.1403,0.2823,0.1246,0.4381,0.2215,0.9257,0.0173,0.2256,0.1107,0.838,0.0588,0.368,0.1137
CV,ranking_c1_b5,ranking,C1,C1_morgan_only,B5,True,KernelSVM,0.35,0.3009,0.1596,0.3003,0.138,0.5136,0.2733,0.9312,0.0175,0.2256,0.1107,0.838,0.0588,0.368,0.1137
CV,ranking_c1_b5,ranking,C1,C1_morgan_only,B5,True,KernelSVM,0.4,0.2613,0.1155,0.2254,0.097,0.6033,0.3234,0.934,0.011,0.1489,0.0719,0.838,0.0588,0.368,0.1137
CV,ranking_c1_b5,ranking,C1,C1_morgan_only,B5,True,KernelSVM,0.45,0.164,0.1635,0.1473,0.1402,0.3583,0.3601,0.934,0.0088,0.0967,0.0943,0.838,0.0588,0.368,0.1137
CV,ranking_c1_b5,ranking,C1,C1_morgan_only,B5,True,KernelSVM,0.5,0.117,0.1795,0.09,0.1238,0.3333,0.4714,0.934,0.0082,0.0533,0.0735,0.838,0.0588,0.368,0.1137
CV,ranking_c1_b5,ranking,C1,C1_morgan_only,B5,True,KernelSVM,0.55,0.0586,0.1355,0.0382,0.0806,0.2,0.4216,0.9347,0.0059,0.0211,0.0446,0.838,0.0588,0.368,0.1137
CV,ranking_c1_b5,ranking,C1,C1_morgan_only,B5,True,KernelSVM,0.6,-0.0022,0.0068,0.0,0.0,0.0,0.0,0.934,0.0037,0.0,0.0,0.838,0.0588,0.368,0.1137
CV,ranking_c1_b5,ranking,C1,C1_morgan_only,B5,True,KernelSVM,0.65,0.0,0.0,0.0,0.0,0.0,0.0,0.9347,0.0036,0.0,0.0,0.838,0.0588,0.368,0.1137
CV,ranking_c1_b5,ranking,C1,C1_morgan_only,B5,True,KernelSVM,0.7,0.0,0.0,0.0,0.0,0.0,0.0,0.9347,0.0036,0.0,0.0,0.838,0.0588,0.368,0.1137
CV,ranking_c1_b5,ranking,C1,C1_morgan_only,B5,True,KernelSVM,0.75,0.0,0.0,0.0,0.0,0.0,0.0,0.9347,0.0036,0.0,0.0,0.838,0.0588,0.368,0.1137
CV,ranking_c1_b5,ranking,C1,C1_morgan_only,B5,True,KernelSVM,0.8,0.0,0.0,0.0,0.0,0.0,0.0,0.9347,0.0036,0.0,0.0,0.838,0.0588,0.368,0.1137
CV,ranking_c1_b5,ranking,C1,C1_morgan_only,B5,True,KernelSVM,0.85,0.0,0.0,0.0,0.0,0.0,0.0,0.9347,0.0036,0.0,0.0,0.838,0.0588,0.368,0.1137
CV,ranking_c1_b5,ranking,C1,C1_morgan_only,B5,True,KernelSVM,0.9,0.0,0.0,0.0,0.0,0.0,0.0,0.9347,0.0036,0.0,0.0,0.838,0.0588,0.368,0.1137
CV,ranking_c1_b5,ranking,C1,C1_morgan_only,B5,True,LightGBM,0.05,0.3395,0.1082,0.3744,0.0982,0.4056,0.1384,0.9181,0.0217,0.3733,0.1206,0.8525,0.0608,0.4348,0.1234
CV,ranking_c1_b5,ranking,C1,C1_morgan_only,B5,True,LightGBM,0.1,0.3515,0.1281,0.3831,0.1196,0.4325,0.1472,0.925,0.016,0.3622,0.1397,0.8525,0.0608,0.4348,0.1234
CV,ranking_c1_b5,ranking,C1,C1_morgan_only,B5,True,LightGBM,0.15,0.3618,0.1297,0.3888,0.1225,0.4617,0.1475,0.9292,0.0149,0.3522,0.1403,0.8525,0.0608,0.4348,0.1234
CV,ranking_c1_b5,ranking,C1,C1_morgan_only,B5,True,LightGBM,0.2,0.3758,0.1331,0.3985,0.1248,0.4992,0.1544,0.9333,0.0151,0.3411,0.126,0.8525,0.0608,0.4348,0.1234
CV,ranking_c1_b5,ranking,C1,C1_morgan_only,B5,True,LightGBM,0.25,0.385,0.1366,0.4039,0.1264,0.5213,0.1724,0.9347,0.0154,0.3411,0.126,0.8525,0.0608,0.4348,0.1234
CV,ranking_c1_b5,ranking,C1,C1_morgan_only,B5,True,LightGBM,0.3,0.3794,0.1642,0.3904,0.1473,0.5447,0.2442,0.9354,0.017,0.32,0.1396,0.8525,0.0608,0.4348,0.1234
CV,ranking_c1_b5,ranking,C1,C1_morgan_only,B5,True,LightGBM,0.35,0.3794,0.1642,0.3904,0.1473,0.5447,0.2442,0.9354,0.017,0.32,0.1396,0.8525,0.0608,0.4348,0.1234
CV,ranking_c1_b5,ranking,C1,C1_morgan_only,B5,True,LightGBM,0.4,0.37,0.167,0.3803,0.151,0.5365,0.245,0.9354,0.0157,0.31,0.1447,0.8525,0.0608,0.4348,0.1234
CV,ranking_c1_b5,ranking,C1,C1_morgan_only,B5,True,LightGBM,0.45,0.3439,0.1433,0.3477,0.1366,0.5306,0.2273,0.9347,0.0123,0.2789,0.1435,0.8525,0.0608,0.4348,0.1234
CV,ranking_c1_b5,ranking,C1,C1_morgan_only,B5,True,LightGBM,0.5,0.3532,0.1449,0.3528,0.1388,0.5544,0.2304,0.9361,0.0126,0.2789,0.1435,0.8525,0.0608,0.4348,0.1234
CV,ranking_c1_b5,ranking,C1,C1_morgan_only,B5,True,LightGBM,0.55,0.3577,0.1469,0.3503,0.1434,0.5813,0.2262,0.9382,0.0116,0.2689,0.1453,0.8525,0.0608,0.4348,0.1234
CV,ranking_c1_b5,ranking,C1,C1_morgan_only,B5,True,LightGBM,0.6,0.3461,0.1406,0.3375,0.138,0.573,0.2208,0.9375,0.0109,0.2578,0.1441,0.8525,0.0608,0.4348,0.1234
CV,ranking_c1_b5,ranking,C1,C1_morgan_only,B5,True,LightGBM,0.65,0.3461,0.1406,0.3375,0.138,0.573,0.2208,0.9375,0.0109,0.2578,0.1441,0.8525,0.0608,0.4348,0.1234
CV,ranking_c1_b5,ranking,C1,C1_morgan_only,B5,True,LightGBM,0.7,0.3325,0.1693,0.3211,0.1606,0.5667,0.2671,0.9389,0.0102,0.2356,0.1387,0.8525,0.0608,0.4348,0.1234
CV,ranking_c1_b5,ranking,C1,C1_morgan_only,B5,True,LightGBM,0.75,0.3434,0.1722,0.3264,0.165,0.5967,0.2641,0.9403,0.011,0.2356,0.1387,0.8525,0.0608,0.4348,0.1234
CV,ranking_c1_b5,ranking,C1,C1_morgan_only,B5,True,LightGBM,0.8,0.3434,0.1722,0.3264,0.165,0.5967,0.2641,0.9403,0.011,0.2356,0.1387,0.8525,0.0608,0.4348,0.1234
CV,ranking_c1_b5,ranking,C1,C1_morgan_only,B5,True,LightGBM,0.85,0.3164,0.1742,0.2971,0.1772,0.58,0.2644,0.9389,0.0112,0.2156,0.1503,0.8525,0.0608,0.4348,0.1234
CV,ranking_c1_b5,ranking,C1,C1_morgan_only,B5,True,LightGBM,0.9,0.3119,0.1734,0.2861,0.1803,0.59,0.2587,0.9403,0.0088,0.2044,0.1538,0.8525,0.0608,0.4348,0.1234
CV,ranking_c1_b5,ranking,C1,C1_morgan_only,B5,True,LogisticRegression,0.05,0.2704,0.0435,0.258,0.0307,0.1517,0.0201,0.6701,0.0433,0.8722,0.0834,0.8465,0.0676,0.3683,0.1532
CV,ranking_c1_b5,ranking,C1,C1_morgan_only,B5,True,LogisticRegression,0.1,0.2787,0.0557,0.2708,0.0381,0.1619,0.025,0.7014,0.0484,0.84,0.1021,0.8465,0.0676,0.3683,0.1532
CV,ranking_c1_b5,ranking,C1,C1_morgan_only,B5,True,LogisticRegression,0.15,0.2782,0.0677,0.2805,0.0461,0.1719,0.0302,0.7389,0.0428,0.7756,0.1387,0.8465,0.0676,0.3683,0.1532
CV,ranking_c1_b5,ranking,C1,C1_morgan_only,B5,True,LogisticRegression,0.2,0.2858,0.077,0.2969,0.06,0.1882,0.0425,0.7736,0.0448,0.7222,0.1337,0.8465,0.0676,0.3683,0.1532
CV,ranking_c1_b5,ranking,C1,C1_morgan_only,B5,True,LogisticRegression,0.25,0.261,0.0815,0.2866,0.0618,0.1864,0.0433,0.7903,0.0446,0.6378,0.1402,0.8465,0.0676,0.3683,0.1532
CV,ranking_c1_b5,ranking,C1,C1_morgan_only,B5,True,LogisticRegression,0.3,0.2744,0.0844,0.301,0.0672,0.2004,0.05,0.8069,0.0456,0.6267,0.142,0.8465,0.0676,0.3683,0.1532
CV,ranking_c1_b5,ranking,C1,C1_morgan_only,B5,True,LogisticRegression,0.35,0.2883,0.0873,0.3145,0.0717,0.2133,0.0561,0.8181,0.045,0.6267,0.142,0.8465,0.0676,0.3683,0.1532
CV,ranking_c1_b5,ranking,C1,C1_morgan_only,B5,True,LogisticRegression,0.4,0.3006,0.1036,0.328,0.0862,0.2279,0.0694,0.8319,0.0441,0.6156,0.1609,0.8465,0.0676,0.3683,0.1532
CV,ranking_c1_b5,ranking,C1,C1_morgan_only,B5,True,LogisticRegression,0.45,0.31,0.118,0.3393,0.1006,0.2408,0.0814,0.8424,0.0451,0.6044,0.1692,0.8465,0.0676,0.3683,0.1532
CV,ranking_c1_b5,ranking,C1,C1_morgan_only,B5,True,LogisticRegression,0.5,0.3058,0.1295,0.3368,0.1103,0.2433,0.0892,0.8486,0.043,0.5822,0.1968,0.8465,0.0676,0.3683,0.1532
CV,ranking_c1_b5,ranking,C1,C1_morgan_only,B5,True,LogisticRegression,0.55,0.3144,0.1388,0.3464,0.1194,0.2562,0.0996,0.8583,0.0394,0.5711,0.2082,0.8465,0.0676,0.3683,0.1532
CV,ranking_c1_b5,ranking,C1,C1_morgan_only,B5,True,LogisticRegression,0.6,0.3203,0.1279,0.3538,0.1086,0.2696,0.0923,0.8694,0.0341,0.5511,0.204,0.8465,0.0676,0.3683,0.1532
CV,ranking_c1_b5,ranking,C1,C1_morgan_only,B5,True,LogisticRegression,0.65,0.3284,0.1372,0.364,0.1183,0.2829,0.0996,0.8771,0.0334,0.54,0.2,0.8465,0.0676,0.3683,0.1532
CV,ranking_c1_b5,ranking,C1,C1_morgan_only,B5,True,LogisticRegression,0.7,0.3206,0.1303,0.3593,0.1154,0.287,0.1035,0.8819,0.0309,0.5089,0.184,0.8465,0.0676,0.3683,0.1532
CV,ranking_c1_b5,ranking,C1,C1_morgan_only,B5,True,LogisticRegression,0.75,0.3365,0.1322,0.3751,0.1205,0.3147,0.1195,0.8903,0.0355,0.4989,0.1749,0.8465,0.0676,0.3683,0.1532
CV,ranking_c1_b5,ranking,C1,C1_morgan_only,B5,True,LogisticRegression,0.8,0.3257,0.152,0.3671,0.1389,0.322,0.1367,0.8972,0.0317,0.4556,0.1871,0.8465,0.0676,0.3683,0.1532
CV,ranking_c1_b5,ranking,C1,C1_morgan_only,B5,True,LogisticRegression,0.85,0.3301,0.1493,0.3681,0.1332,0.358,0.1618,0.9083,0.0236,0.4144,0.1861,0.8465,0.0676,0.3683,0.1532
CV,ranking_c1_b5,ranking,C1,C1_morgan_only,B5,True,LogisticRegression,0.9,0.3079,0.1796,0.3478,0.162,0.3664,0.2004,0.9125,0.027,0.3522,0.1736,0.8465,0.0676,0.3683,0.1532
CV,ranking_c1_b5,ranking,C1,C1_morgan_only,B5,True,RandomForest,0.05,0.3613,0.0682,0.3431,0.0582,0.2151,0.043,0.7771,0.049,0.8722,0.1091,0.8874,0.0634,0.4508,0.0975
CV,ranking_c1_b5,ranking,C1,C1_morgan_only,B5,True,RandomForest,0.1,0.3657,0.0891,0.3763,0.0737,0.2572,0.0581,0.841,0.0355,0.7233,0.1469,0.8874,0.0634,0.4508,0.0975
CV,ranking_c1_b5,ranking,C1,C1_morgan_only,B5,True,RandomForest,0.15,0.4121,0.0902,0.4363,0.0812,0.3371,0.0835,0.8875,0.0312,0.65,0.1313,0.8874,0.0634,0.4508,0.0975
CV,ranking_c1_b5,ranking,C1,C1_morgan_only,B5,True,RandomForest,0.2,0.3732,0.1156,0.41,0.1029,0.3512,0.0994,0.9014,0.0277,0.52,0.1589,0.8874,0.0634,0.4508,0.0975
CV,ranking_c1_b5,ranking,C1,C1_morgan_only,B5,True,RandomForest,0.25,0.3964,0.078,0.4321,0.073,0.4134,0.0958,0.9188,0.015,0.4767,0.1141,0.8874,0.0634,0.4508,0.0975
CV,ranking_c1_b5,ranking,C1,C1_morgan_only,B5,True,RandomForest,0.3,0.3502,0.0978,0.386,0.0888,0.4263,0.1271,0.9236,0.0179,0.3622,0.0761,0.8874,0.0634,0.4508,0.0975
CV,ranking_c1_b5,ranking,C1,C1_morgan_only,B5,True,RandomForest,0.35,0.3357,0.1276,0.3606,0.1125,0.4641,0.1741,0.9299,0.0159,0.2989,0.0858,0.8874,0.0634,0.4508,0.0975
CV,ranking_c1_b5,ranking,C1,C1_morgan_only,B5,True,RandomForest,0.4,0.3168,0.1422,0.3301,0.1313,0.4806,0.1867,0.9326,0.0147,0.2556,0.1008,0.8874,0.0634,0.4508,0.0975
CV,ranking_c1_b5,ranking,C1,C1_morgan_only,B5,True,RandomForest,0.45,0.2759,0.1726,0.2783,0.1576,0.4652,0.2542,0.9333,0.0136,0.2044,0.1199,0.8874,0.0634,0.4508,0.0975
CV,ranking_c1_b5,ranking,C1,C1_morgan_only,B5,True,RandomForest,0.5,0.2753,0.1479,0.2636,0.1404,0.4933,0.2347,0.9368,0.0089,0.1833,0.1052,0.8874,0.0634,0.4508,0.0975
CV,ranking_c1_b5,ranking,C1,C1_morgan_only,B5,True,RandomForest,0.55,0.29,0.1507,0.261,0.1335,0.5667,0.2772,0.9389,0.0091,0.1722,0.0927,0.8874,0.0634,0.4508,0.0975
CV,ranking_c1_b5,ranking,C1,C1_morgan_only,B5,True,RandomForest,0.6,0.2891,0.1483,0.2161,0.1116,0.7333,0.3702,0.9403,0.0088,0.1289,0.0683,0.8874,0.0634,0.4508,0.0975
CV,ranking_c1_b5,ranking,C1,C1_morgan_only,B5,True,RandomForest,0.65,0.1582,0.186,0.1127,0.1296,0.45,0.4972,0.9368,0.0089,0.0656,0.0771,0.8874,0.0634,0.4508,0.0975
CV,ranking_c1_b5,ranking,C1,C1_morgan_only,B5,True,RandomForest,0.7,0.0651,0.1547,0.0545,0.1227,0.15,0.3375,0.9354,0.0074,0.0333,0.075,0.8874,0.0634,0.4508,0.0975
CV,ranking_c1_b5,ranking,C1,C1_morgan_only,B5,True,RandomForest,0.75,0.0192,0.069,0.0182,0.0575,0.05,0.1581,0.934,0.0049,0.0111,0.0351,0.8874,0.0634,0.4508,0.0975
CV,ranking_c1_b5,ranking,C1,C1_morgan_only,B5,True,RandomForest,0.8,-0.0022,0.0068,0.0,0.0,0.0,0.0,0.934,0.0037,0.0,0.0,0.8874,0.0634,0.4508,0.0975
CV,ranking_c1_b5,ranking,C1,C1_morgan_only,B5,True,RandomForest,0.85,0.0,0.0,0.0,0.0,0.0,0.0,0.9347,0.0036,0.0,0.0,0.8874,0.0634,0.4508,0.0975
CV,ranking_c1_b5,ranking,C1,C1_morgan_only,B5,True,RandomForest,0.9,0.0,0.0,0.0,0.0,0.0,0.0,0.9347,0.0036,0.0,0.0,0.8874,0.0634,0.4508,0.0975
CV,ranking_c1_b5,ranking,C1,C1_morgan_only,B5,True,XGBoost,0.05,0.3524,0.081,0.367,0.0741,0.2512,0.0643,0.8375,0.0357,0.7033,0.0919,0.8464,0.0652,0.4143,0.1394
CV,ranking_c1_b5,ranking,C1,C1_morgan_only,B5,True,XGBoost,0.1,0.3475,0.0623,0.3808,0.057,0.2898,0.0612,0.8764,0.0251,0.5756,0.0944,0.8464,0.0652,0.4143,0.1394
CV,ranking_c1_b5,ranking,C1,C1_morgan_only,B5,True,XGBoost,0.15,0.3277,0.0959,0.3707,0.0867,0.304,0.0861,0.8889,0.0289,0.49,0.1038,0.8464,0.0652,0.4143,0.1394
CV,ranking_c1_b5,ranking,C1,C1_morgan_only,B5,True,XGBoost,0.2,0.3436,0.1067,0.3867,0.0981,0.3379,0.0992,0.9007,0.0293,0.4678,0.1117,0.8464,0.0652,0.4143,0.1394
CV,ranking_c1_b5,ranking,C1,C1_morgan_only,B5,True,XGBoost,0.25,0.3404,0.1387,0.3845,0.1259,0.3542,0.1317,0.9056,0.0316,0.4356,0.1355,0.8464,0.0652,0.4143,0.1394
CV,ranking_c1_b5,ranking,C1,C1_morgan_only,B5,True,XGBoost,0.3,0.3356,0.132,0.3779,0.119,0.3687,0.1298,0.9104,0.0284,0.4056,0.1364,0.8464,0.0652,0.4143,0.1394
CV,ranking_c1_b5,ranking,C1,C1_morgan_only,B5,True,XGBoost,0.35,0.3461,0.1501,0.3856,0.1392,0.3945,0.1483,0.916,0.0286,0.3944,0.1471,0.8464,0.0652,0.4143,0.1394
CV,ranking_c1_b5,ranking,C1,C1_morgan_only,B5,True,XGBoost,0.4,0.3509,0.1688,0.3891,0.156,0.4109,0.1635,0.9194,0.0291,0.3833,0.1647,0.8464,0.0652,0.4143,0.1394
CV,ranking_c1_b5,ranking,C1,C1_morgan_only,B5,True,XGBoost,0.45,0.327,0.1477,0.3628,0.1355,0.4084,0.1648,0.9201,0.0252,0.34,0.1328,0.8464,0.0652,0.4143,0.1394
CV,ranking_c1_b5,ranking,C1,C1_morgan_only,B5,True,XGBoost,0.5,0.3156,0.1279,0.3473,0.1198,0.4143,0.1429,0.9243,0.0175,0.3089,0.12,0.8464,0.0652,0.4143,0.1394
CV,ranking_c1_b5,ranking,C1,C1_morgan_only,B5,True,XGBoost,0.55,0.3303,0.1385,0.3577,0.1279,0.4448,0.1639,0.9271,0.0192,0.3089,0.12,0.8464,0.0652,0.4143,0.1394
CV,ranking_c1_b5,ranking,C1,C1_morgan_only,B5,True,XGBoost,0.6,0.3296,0.1465,0.3495,0.137,0.4692,0.1838,0.9312,0.0148,0.2867,0.124,0.8464,0.0652,0.4143,0.1394
CV,ranking_c1_b5,ranking,C1,C1_morgan_only,B5,True,XGBoost,0.65,0.3313,0.1396,0.3452,0.1365,0.4881,0.1649,0.9333,0.0132,0.2767,0.1268,0.8464,0.0652,0.4143,0.1394
CV,ranking_c1_b5,ranking,C1,C1_morgan_only,B5,True,XGBoost,0.7,0.3362,0.138,0.3391,0.1315,0.5305,0.2262,0.9347,0.0119,0.2656,0.1262,0.8464,0.0652,0.4143,0.1394
CV,ranking_c1_b5,ranking,C1,C1_morgan_only,B5,True,XGBoost,0.75,0.3619,0.1348,0.3526,0.1354,0.5962,0.2086,0.9389,0.0112,0.2656,0.1262,0.8464,0.0652,0.4143,0.1394
CV,ranking_c1_b5,ranking,C1,C1_morgan_only,B5,True,XGBoost,0.8,0.3213,0.161,0.3055,0.1416,0.58,0.2681,0.9368,0.0148,0.2144,0.1066,0.8464,0.0652,0.4143,0.1394
CV,ranking_c1_b5,ranking,C1,C1_morgan_only,B5,True,XGBoost,0.85,0.3117,0.1469,0.2793,0.1458,0.635,0.278,0.9375,0.0131,0.1933,0.1161,0.8464,0.0652,0.4143,0.1394
CV,ranking_c1_b5,ranking,C1,C1_morgan_only,B5,True,XGBoost,0.9,0.2279,0.1838,0.1981,0.1511,0.5083,0.3858,0.9354,0.0114,0.1278,0.1011,0.8464,0.0652,0.4143,0.1394
LOGO,decision_c7_b4,thresholded_decision,C7,C7_morgan_chemberta,B4,False,ExtraTrees,0.05,0.221,0.1485,0.2312,0.1556,0.1584,0.1164,0.7264,0.0916,0.6515,0.3622,0.8134,0.1382,0.4334,0.245
LOGO,decision_c7_b4,thresholded_decision,C7,C7_morgan_chemberta,B4,False,ExtraTrees,0.1,0.217,0.211,0.2448,0.2037,0.2128,0.2008,0.8417,0.0755,0.4316,0.337,0.8134,0.1382,0.4334,0.245
LOGO,decision_c7_b4,thresholded_decision,C7,C7_morgan_chemberta,B4,False,ExtraTrees,0.15,0.2338,0.2072,0.2542,0.1975,0.2475,0.2069,0.8875,0.0532,0.3738,0.3339,0.8134,0.1382,0.4334,0.245
LOGO,decision_c7_b4,thresholded_decision,C7,C7_morgan_chemberta,B4,False,ExtraTrees,0.2,0.2691,0.2016,0.2712,0.1886,0.3371,0.2756,0.9097,0.0437,0.3478,0.3221,0.8134,0.1382,0.4334,0.245
LOGO,decision_c7_b4,thresholded_decision,C7,C7_morgan_chemberta,B4,False,ExtraTrees,0.25,0.2979,0.229,0.2891,0.2069,0.4039,0.3472,0.9208,0.0466,0.3421,0.3226,0.8134,0.1382,0.4334,0.245
LOGO,decision_c7_b4,thresholded_decision,C7,C7_morgan_chemberta,B4,False,ExtraTrees,0.3,0.3327,0.2632,0.3112,0.2466,0.4958,0.4019,0.9292,0.0475,0.3317,0.3256,0.8134,0.1382,0.4334,0.245
LOGO,decision_c7_b4,thresholded_decision,C7,C7_morgan_chemberta,B4,False,ExtraTrees,0.35,0.3466,0.2519,0.3201,0.2383,0.5573,0.3929,0.9361,0.0506,0.2962,0.2884,0.8134,0.1382,0.4334,0.245
LOGO,decision_c7_b4,thresholded_decision,C7,C7_morgan_chemberta,B4,False,ExtraTrees,0.4,0.3239,0.2389,0.2962,0.2214,0.5469,0.3967,0.9354,0.0507,0.2676,0.2701,0.8134,0.1382,0.4334,0.245
LOGO,decision_c7_b4,thresholded_decision,C7,C7_morgan_chemberta,B4,False,ExtraTrees,0.45,0.3419,0.2393,0.3106,0.2261,0.5833,0.3801,0.9382,0.0515,0.2676,0.2701,0.8134,0.1382,0.4334,0.245
LOGO,decision_c7_b4,thresholded_decision,C7,C7_morgan_chemberta,B4,False,ExtraTrees,0.5,0.2813,0.2468,0.2502,0.2203,0.5312,0.427,0.9361,0.052,0.202,0.2515,0.8134,0.1382,0.4334,0.245
LOGO,decision_c7_b4,thresholded_decision,C7,C7_morgan_chemberta,B4,False,ExtraTrees,0.55,0.2697,0.2338,0.2354,0.2047,0.5312,0.427,0.9354,0.0517,0.1895,0.2459,0.8134,0.1382,0.4334,0.245
LOGO,decision_c7_b4,thresholded_decision,C7,C7_morgan_chemberta,B4,False,ExtraTrees,0.6,0.1714,0.2058,0.152,0.1739,0.375,0.4282,0.9326,0.0512,0.1013,0.1211,0.8134,0.1382,0.4334,0.245
LOGO,decision_c7_b4,thresholded_decision,C7,C7_morgan_chemberta,B4,False,ExtraTrees,0.65,0.1159,0.1803,0.1042,0.1515,0.2812,0.407,0.9306,0.0533,0.0706,0.1079,0.8134,0.1382,0.4334,0.245
LOGO,decision_c7_b4,thresholded_decision,C7,C7_morgan_chemberta,B4,False,ExtraTrees,0.7,0.0705,0.1442,0.0689,0.1306,0.1562,0.301,0.9306,0.0573,0.0494,0.0994,0.8134,0.1382,0.4334,0.245
LOGO,decision_c7_b4,thresholded_decision,C7,C7_morgan_chemberta,B4,False,ExtraTrees,0.75,-0.006,0.0115,0.0,0.0,0.0,0.0,0.9319,0.0596,0.0,0.0,0.8134,0.1382,0.4334,0.245
LOGO,decision_c7_b4,thresholded_decision,C7,C7_morgan_chemberta,B4,False,ExtraTrees,0.8,-0.0034,0.0098,0.0,0.0,0.0,0.0,0.9333,0.0602,0.0,0.0,0.8134,0.1382,0.4334,0.245
LOGO,decision_c7_b4,thresholded_decision,C7,C7_morgan_chemberta,B4,False,ExtraTrees,0.85,0.0,0.0,0.0,0.0,0.0,0.0,0.9347,0.06,0.0,0.0,0.8134,0.1382,0.4334,0.245
LOGO,decision_c7_b4,thresholded_decision,C7,C7_morgan_chemberta,B4,False,ExtraTrees,0.9,0.0,0.0,0.0,0.0,0.0,0.0,0.9347,0.06,0.0,0.0,0.8134,0.1382,0.4334,0.245
LOGO,decision_c7_b4,thresholded_decision,C7,C7_morgan_chemberta,B4,False,HistGradientBoosting,0.05,0.2702,0.245,0.2854,0.2211,0.3609,0.2891,0.9118,0.064,0.303,0.2884,0.8173,0.125,0.3902,0.2142
LOGO,decision_c7_b4,thresholded_decision,C7,C7_morgan_chemberta,B4,False,HistGradientBoosting,0.1,0.2568,0.2583,0.254,0.2367,0.3802,0.3442,0.9229,0.0528,0.2624,0.3029,0.8173,0.125,0.3902,0.2142
LOGO,decision_c7_b4,thresholded_decision,C7,C7_morgan_chemberta,B4,False,HistGradientBoosting,0.15,0.2571,0.258,0.254,0.2367,0.3802,0.3442,0.925,0.0539,0.2624,0.3029,0.8173,0.125,0.3902,0.2142
LOGO,decision_c7_b4,thresholded_decision,C7,C7_morgan_chemberta,B4,False,HistGradientBoosting,0.2,0.244,0.2661,0.2401,0.2451,0.3594,0.3571,0.9257,0.0521,0.252,0.3092,0.8173,0.125,0.3902,0.2142
LOGO,decision_c7_b4,thresholded_decision,C7,C7_morgan_chemberta,B4,False,HistGradientBoosting,0.25,0.2415,0.2496,0.2293,0.2193,0.3844,0.3847,0.9278,0.0529,0.2312,0.2901,0.8173,0.125,0.3902,0.2142
LOGO,decision_c7_b4,thresholded_decision,C7,C7_morgan_chemberta,B4,False,HistGradientBoosting,0.3,0.2532,0.2554,0.2351,0.2257,0.4219,0.4144,0.9299,0.0536,0.2312,0.2901,0.8173,0.125,0.3902,0.2142
LOGO,decision_c7_b4,thresholded_decision,C7,C7_morgan_chemberta,B4,False,HistGradientBoosting,0.35,0.2411,0.2417,0.2212,0.209,0.4219,0.4144,0.9299,0.0527,0.2103,0.2678,0.8173,0.125,0.3902,0.2142
LOGO,decision_c7_b4,thresholded_decision,C7,C7_morgan_chemberta,B4,False,HistGradientBoosting,0.4,0.1727,0.219,0.1629,0.1937,0.3438,0.4058,0.9299,0.0522,0.127,0.1663,0.8173,0.125,0.3902,0.2142
LOGO,decision_c7_b4,thresholded_decision,C7,C7_morgan_chemberta,B4,False,HistGradientBoosting,0.45,0.1472,0.2155,0.1379,0.1867,0.3229,0.4149,0.9299,0.0522,0.0958,0.1357,0.8173,0.125,0.3902,0.2142
LOGO,decision_c7_b4,thresholded_decision,C7,C7_morgan_chemberta,B4,False,HistGradientBoosting,0.5,0.1436,0.2074,0.1271,0.1726,0.3438,0.4408,0.9299,0.0516,0.0868,0.1267,0.8173,0.125,0.3902,0.2142
LOGO,decision_c7_b4,thresholded_decision,C7,C7_morgan_chemberta,B4,False,HistGradientBoosting,0.55,0.1451,0.1892,0.1168,0.1467,0.375,0.4655,0.9319,0.0492,0.0743,0.1011,0.8173,0.125,0.3902,0.2142
LOGO,decision_c7_b4,thresholded_decision,C7,C7_morgan_chemberta,B4,False,HistGradientBoosting,0.6,0.1461,0.1883,0.1168,0.1467,0.375,0.4655,0.9333,0.0503,0.0743,0.1011,0.8173,0.125,0.3902,0.2142
LOGO,decision_c7_b4,thresholded_decision,C7,C7_morgan_chemberta,B4,False,HistGradientBoosting,0.65,0.1461,0.1883,0.1168,0.1467,0.375,0.4655,0.9333,0.0503,0.0743,0.1011,0.8173,0.125,0.3902,0.2142
LOGO,decision_c7_b4,thresholded_decision,C7,C7_morgan_chemberta,B4,False,HistGradientBoosting,0.7,0.1021,0.1748,0.0873,0.1431,0.25,0.4082,0.9319,0.0507,0.0576,0.1008,0.8173,0.125,0.3902,0.2142
LOGO,decision_c7_b4,thresholded_decision,C7,C7_morgan_chemberta,B4,False,HistGradientBoosting,0.75,0.1021,0.1748,0.0873,0.1431,0.25,0.4082,0.9319,0.0507,0.0576,0.1008,0.8173,0.125,0.3902,0.2142
LOGO,decision_c7_b4,thresholded_decision,C7,C7_morgan_chemberta,B4,False,HistGradientBoosting,0.8,0.1021,0.1748,0.0873,0.1431,0.25,0.4082,0.9326,0.0514,0.0576,0.1008,0.8173,0.125,0.3902,0.2142
LOGO,decision_c7_b4,thresholded_decision,C7,C7_morgan_chemberta,B4,False,HistGradientBoosting,0.85,0.0984,0.1696,0.0821,0.1412,0.25,0.4082,0.9333,0.054,0.0546,0.1004,0.8173,0.125,0.3902,0.2142
LOGO,decision_c7_b4,thresholded_decision,C7,C7_morgan_chemberta,B4,False,HistGradientBoosting,0.9,0.0709,0.1398,0.0536,0.1126,0.2188,0.407,0.9333,0.0547,0.0364,0.0867,0.8173,0.125,0.3902,0.2142
LOGO,decision_c7_b4,thresholded_decision,C7,C7_morgan_chemberta,B4,False,KernelSVM,0.05,0.1424,0.0989,0.1697,0.1219,0.11,0.0977,0.4778,0.2342,0.7164,0.3476,0.8167,0.1288,0.4391,0.2344
LOGO,decision_c7_b4,thresholded_decision,C7,C7_morgan_chemberta,B4,False,KernelSVM,0.1,0.3232,0.2269,0.2994,0.2081,0.4823,0.3892,0.9271,0.0464,0.3364,0.3247,0.8167,0.1288,0.4391,0.2344
LOGO,decision_c7_b4,thresholded_decision,C7,C7_morgan_chemberta,B4,False,KernelSVM,0.15,0.3484,0.2396,0.3185,0.2269,0.5833,0.3849,0.9382,0.0512,0.278,0.2692,0.8167,0.1288,0.4391,0.2344
LOGO,decision_c7_b4,thresholded_decision,C7,C7_morgan_chemberta,B4,False,KernelSVM,0.2,0.3617,0.2497,0.3331,0.24,0.6042,0.3745,0.9396,0.0521,0.278,0.2692,0.8167,0.1288,0.4391,0.2344
LOGO,decision_c7_b4,thresholded_decision,C7,C7_morgan_chemberta,B4,False,KernelSVM,0.25,0.3691,0.2541,0.3366,0.2421,0.625,0.3873,0.9403,0.0523,0.278,0.2692,0.8167,0.1288,0.4391,0.2344
LOGO,decision_c7_b4,thresholded_decision,C7,C7_morgan_chemberta,B4,False,KernelSVM,0.3,0.3691,0.2541,0.3366,0.2421,0.625,0.3873,0.9403,0.0523,0.278,0.2692,0.8167,0.1288,0.4391,0.2344
LOGO,decision_c7_b4,thresholded_decision,C7,C7_morgan_chemberta,B4,False,KernelSVM,0.35,0.3691,0.2541,0.3366,0.2421,0.625,0.3873,0.9403,0.0523,0.278,0.2692,0.8167,0.1288,0.4391,0.2344
LOGO,decision_c7_b4,thresholded_decision,C7,C7_morgan_chemberta,B4,False,KernelSVM,0.4,0.3691,0.2541,0.3366,0.2421,0.625,0.3873,0.9403,0.0523,0.278,0.2692,0.8167,0.1288,0.4391,0.2344
LOGO,decision_c7_b4,thresholded_decision,C7,C7_morgan_chemberta,B4,False,KernelSVM,0.45,0.3691,0.2541,0.3366,0.2421,0.625,0.3873,0.9403,0.0523,0.278,0.2692,0.8167,0.1288,0.4391,0.2344
LOGO,decision_c7_b4,thresholded_decision,C7,C7_morgan_chemberta,B4,False,KernelSVM,0.5,0.3586,0.2489,0.3232,0.2383,0.625,0.3873,0.9396,0.0521,0.2676,0.2701,0.8167,0.1288,0.4391,0.2344
LOGO,decision_c7_b4,thresholded_decision,C7,C7_morgan_chemberta,B4,False,KernelSVM,0.55,0.3435,0.2259,0.3045,0.2082,0.625,0.3873,0.9389,0.0515,0.2468,0.2494,0.8167,0.1288,0.4391,0.2344
LOGO,decision_c7_b4,thresholded_decision,C7,C7_morgan_chemberta,B4,False,KernelSVM,0.6,0.2632,0.2198,0.2315,0.1968,0.5312,0.427,0.9375,0.0503,0.1634,0.1567,0.8167,0.1288,0.4391,0.2344
LOGO,decision_c7_b4,thresholded_decision,C7,C7_morgan_chemberta,B4,False,KernelSVM,0.65,0.2466,0.2045,0.2115,0.18,0.5312,0.427,0.9361,0.0522,0.1479,0.1458,0.8167,0.1288,0.4391,0.2344
LOGO,decision_c7_b4,thresholded_decision,C7,C7_morgan_chemberta,B4,False,KernelSVM,0.7,0.202,0.2127,0.1706,0.1829,0.4688,0.4644,0.9333,0.0543,0.1218,0.1504,0.8167,0.1288,0.4391,0.2344
LOGO,decision_c7_b4,thresholded_decision,C7,C7_morgan_chemberta,B4,False,KernelSVM,0.75,0.1353,0.199,0.1215,0.173,0.2812,0.407,0.9306,0.0567,0.0917,0.1484,0.8167,0.1288,0.4391,0.2344
LOGO,decision_c7_b4,thresholded_decision,C7,C7_morgan_chemberta,B4,False,KernelSVM,0.8,0.136,0.1985,0.1215,0.173,0.2812,0.407,0.9326,0.0589,0.0917,0.1484,0.8167,0.1288,0.4391,0.2344
LOGO,decision_c7_b4,thresholded_decision,C7,C7_morgan_chemberta,B4,False,KernelSVM,0.85,0.1045,0.1777,0.0902,0.1426,0.25,0.4082,0.9319,0.0584,0.0605,0.1021,0.8167,0.1288,0.4391,0.2344
LOGO,decision_c7_b4,thresholded_decision,C7,C7_morgan_chemberta,B4,False,KernelSVM,0.9,0.0361,0.1307,0.0317,0.0875,0.125,0.3416,0.9312,0.0594,0.0182,0.0504,0.8167,0.1288,0.4391,0.2344
LOGO,decision_c7_b4,thresholded_decision,C7,C7_morgan_chemberta,B4,False,LightGBM,0.05,0.3046,0.2882,0.3029,0.267,0.4323,0.384,0.9299,0.0547,0.2947,0.3021,0.8105,0.1182,0.3954,0.215
LOGO,decision_c7_b4,thresholded_decision,C7,C7_morgan_chemberta,B4,False,LightGBM,0.1,0.2946,0.285,0.2887,0.2676,0.4427,0.3882,0.9299,0.0556,0.2791,0.3041,0.8105,0.1182,0.3954,0.215
LOGO,decision_c7_b4,thresholded_decision,C7,C7_morgan_chemberta,B4,False,LightGBM,0.15,0.2809,0.2679,0.2673,0.2412,0.4583,0.406,0.9292,0.0558,0.2526,0.2873,0.8105,0.1182,0.3954,0.215
LOGO,decision_c7_b4,thresholded_decision,C7,C7_morgan_chemberta,B4,False,LightGBM,0.2,0.2827,0.2656,0.2673,0.2412,0.4583,0.406,0.9306,0.0547,0.2526,0.2873,0.8105,0.1182,0.3954,0.215
LOGO,decision_c7_b4,thresholded_decision,C7,C7_morgan_chemberta,B4,False,LightGBM,0.25,0.2355,0.2806,0.2284,0.2546,0.375,0.406,0.9292,0.0544,0.2135,0.2903,0.8105,0.1182,0.3954,0.215
LOGO,decision_c7_b4,thresholded_decision,C7,C7_morgan_chemberta,B4,False,LightGBM,0.3,0.228,0.2705,0.2187,0.2421,0.375,0.406,0.9292,0.0549,0.2046,0.2854,0.8105,0.1182,0.3954,0.215
LOGO,decision_c7_b4,thresholded_decision,C7,C7_morgan_chemberta,B4,False,LightGBM,0.35,0.2305,0.268,0.2187,0.2421,0.375,0.406,0.9299,0.0541,0.2046,0.2854,0.8105,0.1182,0.3954,0.215
LOGO,decision_c7_b4,thresholded_decision,C7,C7_morgan_chemberta,B4,False,LightGBM,0.4,0.2123,0.2519,0.1967,0.2249,0.3667,0.3991,0.9299,0.0542,0.1864,0.2817,0.8105,0.1182,0.3954,0.215
LOGO,decision_c7_b4,thresholded_decision,C7,C7_morgan_chemberta,B4,False,LightGBM,0.45,0.1818,0.239,0.1659,0.2144,0.325,0.4005,0.9299,0.0516,0.1656,0.2825,0.8105,0.1182,0.3954,0.215
LOGO,decision_c7_b4,thresholded_decision,C7,C7_morgan_chemberta,B4,False,LightGBM,0.5,0.1723,0.2139,0.15,0.1807,0.3458,0.4272,0.9299,0.0503,0.1448,0.2539,0.8105,0.1182,0.3954,0.215
LOGO,decision_c7_b4,thresholded_decision,C7,C7_morgan_chemberta,B4,False,LightGBM,0.55,0.1723,0.2139,0.15,0.1807,0.3458,0.4272,0.9299,0.0503,0.1448,0.2539,0.8105,0.1182,0.3954,0.215
LOGO,decision_c7_b4,thresholded_decision,C7,C7_morgan_chemberta,B4,False,LightGBM,0.6,0.1727,0.2135,0.15,0.1807,0.3458,0.4272,0.9306,0.0508,0.1448,0.2539,0.8105,0.1182,0.3954,0.215
LOGO,decision_c7_b4,thresholded_decision,C7,C7_morgan_chemberta,B4,False,LightGBM,0.65,0.1746,0.2134,0.1514,0.1812,0.349,0.4262,0.9312,0.0505,0.1448,0.2539,0.8105,0.1182,0.3954,0.215
LOGO,decision_c7_b4,thresholded_decision,C7,C7_morgan_chemberta,B4,False,LightGBM,0.7,0.1649,0.1999,0.1392,0.1661,0.349,0.4262,0.9306,0.0504,0.1358,0.2511,0.8105,0.1182,0.3954,0.215
LOGO,decision_c7_b4,thresholded_decision,C7,C7_morgan_chemberta,B4,False,LightGBM,0.75,0.1353,0.2181,0.1254,0.1983,0.2396,0.3599,0.9306,0.0519,0.1212,0.2553,0.8105,0.1182,0.3954,0.215
LOGO,decision_c7_b4,thresholded_decision,C7,C7_morgan_chemberta,B4,False,LightGBM,0.8,0.1302,0.2156,0.1202,0.198,0.2396,0.3599,0.9306,0.0545,0.1183,0.2559,0.8105,0.1182,0.3954,0.215
LOGO,decision_c7_b4,thresholded_decision,C7,C7_morgan_chemberta,B4,False,LightGBM,0.85,0.1354,0.2175,0.1224,0.1998,0.25,0.3651,0.9326,0.0558,0.1183,0.2559,0.8105,0.1182,0.3954,0.215
LOGO,decision_c7_b4,thresholded_decision,C7,C7_morgan_chemberta,B4,False,LightGBM,0.9,0.0824,0.1916,0.0766,0.1777,0.1562,0.301,0.9312,0.0552,0.0849,0.2502,0.8105,0.1182,0.3954,0.215
LOGO,decision_c7_b4,thresholded_decision,C7,C7_morgan_chemberta,B4,False,LogisticRegression,0.05,0.1954,0.1599,0.2094,0.1367,0.1388,0.0903,0.7618,0.0512,0.5962,0.364,0.8332,0.1405,0.4754,0.2185
LOGO,decision_c7_b4,thresholded_decision,C7,C7_morgan_chemberta,B4,False,LogisticRegression,0.1,0.2893,0.2299,0.3066,0.2192,0.2648,0.209,0.8729,0.0719,0.4921,0.3371,0.8332,0.1405,0.4754,0.2185
LOGO,decision_c7_b4,thresholded_decision,C7,C7_morgan_chemberta,B4,False,LogisticRegression,0.15,0.3159,0.2402,0.3278,0.2186,0.3533,0.2931,0.9056,0.0626,0.4243,0.308,0.8332,0.1405,0.4754,0.2185
LOGO,decision_c7_b4,thresholded_decision,C7,C7_morgan_chemberta,B4,False,LogisticRegression,0.2,0.3013,0.2028,0.3058,0.1898,0.3821,0.2855,0.9153,0.0543,0.3596,0.2746,0.8332,0.1405,0.4754,0.2185
LOGO,decision_c7_b4,thresholded_decision,C7,C7_morgan_chemberta,B4,False,LogisticRegression,0.25,0.31,0.2379,0.2983,0.2158,0.4792,0.3696,0.9285,0.0527,0.2837,0.268,0.8332,0.1405,0.4754,0.2185
LOGO,decision_c7_b4,thresholded_decision,C7,C7_morgan_chemberta,B4,False,LogisticRegression,0.3,0.3415,0.2526,0.3263,0.2377,0.5417,0.3788,0.934,0.0517,0.2837,0.268,0.8332,0.1405,0.4754,0.2185
LOGO,decision_c7_b4,thresholded_decision,C7,C7_morgan_chemberta,B4,False,LogisticRegression,0.35,0.3631,0.2543,0.3352,0.2423,0.6042,0.3745,0.9396,0.0529,0.278,0.2692,0.8332,0.1405,0.4754,0.2185
LOGO,decision_c7_b4,thresholded_decision,C7,C7_morgan_chemberta,B4,False,LogisticRegression,0.4,0.3691,0.2541,0.3366,0.2421,0.625,0.3873,0.9403,0.0523,0.278,0.2692,0.8332,0.1405,0.4754,0.2185
LOGO,decision_c7_b4,thresholded_decision,C7,C7_morgan_chemberta,B4,False,LogisticRegression,0.45,0.3691,0.2541,0.3366,0.2421,0.625,0.3873,0.9403,0.0523,0.278,0.2692,0.8332,0.1405,0.4754,0.2185
LOGO,decision_c7_b4,thresholded_decision,C7,C7_morgan_chemberta,B4,False,LogisticRegression,0.5,0.3691,0.2541,0.3366,0.2421,0.625,0.3873,0.9403,0.0523,0.278,0.2692,0.8332,0.1405,0.4754,0.2185
LOGO,decision_c7_b4,thresholded_decision,C7,C7_morgan_chemberta,B4,False,LogisticRegression,0.55,0.3338,0.2641,0.3053,0.2517,0.5625,0.4031,0.9389,0.0521,0.2572,0.2774,0.8332,0.1405,0.4754,0.2185
LOGO,decision_c7_b4,thresholded_decision,C7,C7_morgan_chemberta,B4,False,LogisticRegression,0.6,0.2071,0.252,0.193,0.2345,0.3438,0.3966,0.934,0.0523,0.1763,0.273,0.8332,0.1405,0.4754,0.2185
LOGO,decision_c7_b4,thresholded_decision,C7,C7_morgan_chemberta,B4,False,LogisticRegression,0.65,0.1454,0.2209,0.1404,0.205,0.25,0.3651,0.9319,0.0559,0.1079,0.1674,0.8332,0.1405,0.4754,0.2185
LOGO,decision_c7_b4,thresholded_decision,C7,C7_morgan_chemberta,B4,False,LogisticRegression,0.7,0.0171,0.1038,0.0192,0.0769,0.0625,0.25,0.9285,0.0538,0.0114,0.0455,0.8332,0.1405,0.4754,0.2185
LOGO,decision_c7_b4,thresholded_decision,C7,C7_morgan_chemberta,B4,False,LogisticRegression,0.75,-0.0065,0.012,0.0,0.0,0.0,0.0,0.9312,0.0592,0.0,0.0,0.8332,0.1405,0.4754,0.2185
LOGO,decision_c7_b4,thresholded_decision,C7,C7_morgan_chemberta,B4,False,LogisticRegression,0.8,0.0,0.0,0.0,0.0,0.0,0.0,0.9347,0.06,0.0,0.0,0.8332,0.1405,0.4754,0.2185
LOGO,decision_c7_b4,thresholded_decision,C7,C7_morgan_chemberta,B4,False,LogisticRegression,0.85,0.0,0.0,0.0,0.0,0.0,0.0,0.9347,0.06,0.0,0.0,0.8332,0.1405,0.4754,0.2185
LOGO,decision_c7_b4,thresholded_decision,C7,C7_morgan_chemberta,B4,False,LogisticRegression,0.9,0.0,0.0,0.0,0.0,0.0,0.0,0.9347,0.06,0.0,0.0,0.8332,0.1405,0.4754,0.2185
LOGO,decision_c7_b4,thresholded_decision,C7,C7_morgan_chemberta,B4,False,RandomForest,0.05,0.1865,0.1262,0.2017,0.1334,0.1323,0.0973,0.6694,0.0937,0.6561,0.3593,0.8152,0.1398,0.4362,0.2328
LOGO,decision_c7_b4,thresholded_decision,C7,C7_morgan_chemberta,B4,False,RandomForest,0.1,0.2091,0.1699,0.2222,0.1603,0.1602,0.1173,0.7785,0.0751,0.5722,0.3738,0.8152,0.1398,0.4362,0.2328
LOGO,decision_c7_b4,thresholded_decision,C7,C7_morgan_chemberta,B4,False,RandomForest,0.15,0.2064,0.1944,0.2315,0.1924,0.1998,0.1744,0.8396,0.0709,0.4244,0.3445,0.8152,0.1398,0.4362,0.2328
LOGO,decision_c7_b4,thresholded_decision,C7,C7_morgan_chemberta,B4,False,RandomForest,0.2,0.2119,0.1778,0.2296,0.1652,0.2439,0.21,0.8826,0.0524,0.3478,0.3221,0.8152,0.1398,0.4362,0.2328
LOGO,decision_c7_b4,thresholded_decision,C7,C7_morgan_chemberta,B4,False,RandomForest,0.25,0.2632,0.2034,0.2685,0.1867,0.3256,0.2621,0.9118,0.0491,0.3421,0.3226,0.8152,0.1398,0.4362,0.2328
LOGO,decision_c7_b4,thresholded_decision,C7,C7_morgan_chemberta,B4,False,RandomForest,0.3,0.3105,0.2119,0.2901,0.1914,0.4495,0.3465,0.9257,0.0453,0.3332,0.3221,0.8152,0.1398,0.4362,0.2328
LOGO,decision_c7_b4,thresholded_decision,C7,C7_morgan_chemberta,B4,False,RandomForest,0.35,0.3239,0.23,0.2982,0.2111,0.4958,0.359,0.9312,0.0494,0.3171,0.3265,0.8152,0.1398,0.4362,0.2328
LOGO,decision_c7_b4,thresholded_decision,C7,C7_morgan_chemberta,B4,False,RandomForest,0.4,0.3709,0.277,0.3429,0.2699,0.5833,0.3801,0.9389,0.0521,0.3171,0.3265,0.8152,0.1398,0.4362,0.2328
LOGO,decision_c7_b4,thresholded_decision,C7,C7_morgan_chemberta,B4,False,RandomForest,0.45,0.3053,0.2507,0.2751,0.2309,0.5417,0.4105,0.9368,0.0506,0.2363,0.2704,0.8152,0.1398,0.4362,0.2328
LOGO,decision_c7_b4,thresholded_decision,C7,C7_morgan_chemberta,B4,False,RandomForest,0.5,0.3097,0.2591,0.2786,0.2452,0.5625,0.4031,0.9375,0.0518,0.2285,0.2718,0.8152,0.1398,0.4362,0.2328
LOGO,decision_c7_b4,thresholded_decision,C7,C7_morgan_chemberta,B4,False,RandomForest,0.55,0.2396,0.2712,0.2147,0.2503,0.4375,0.4425,0.9347,0.0527,0.1847,0.2795,0.8152,0.1398,0.4362,0.2328
LOGO,decision_c7_b4,thresholded_decision,C7,C7_morgan_chemberta,B4,False,RandomForest,0.6,0.1759,0.2371,0.1572,0.2158,0.3125,0.4031,0.934,0.0514,0.1409,0.2581,0.8152,0.1398,0.4362,0.2328
LOGO,decision_c7_b4,thresholded_decision,C7,C7_morgan_chemberta,B4,False,RandomForest,0.65,0.0757,0.1526,0.0678,0.1344,0.1875,0.3594,0.9319,0.0535,0.0477,0.1,0.8152,0.1398,0.4362,0.2328
LOGO,decision_c7_b4,thresholded_decision,C7,C7_morgan_chemberta,B4,False,RandomForest,0.7,-0.0057,0.0112,0.0,0.0,0.0,0.0,0.9319,0.0595,0.0,0.0,0.8152,0.1398,0.4362,0.2328
LOGO,decision_c7_b4,thresholded_decision,C7,C7_morgan_chemberta,B4,False,RandomForest,0.75,-0.0034,0.0098,0.0,0.0,0.0,0.0,0.9333,0.0602,0.0,0.0,0.8152,0.1398,0.4362,0.2328
LOGO,decision_c7_b4,thresholded_decision,C7,C7_morgan_chemberta,B4,False,RandomForest,0.8,0.0,0.0,0.0,0.0,0.0,0.0,0.9347,0.06,0.0,0.0,0.8152,0.1398,0.4362,0.2328
LOGO,decision_c7_b4,thresholded_decision,C7,C7_morgan_chemberta,B4,False,RandomForest,0.85,0.0,0.0,0.0,0.0,0.0,0.0,0.9347,0.06,0.0,0.0,0.8152,0.1398,0.4362,0.2328
LOGO,decision_c7_b4,thresholded_decision,C7,C7_morgan_chemberta,B4,False,RandomForest,0.9,0.0,0.0,0.0,0.0,0.0,0.0,0.9347,0.06,0.0,0.0,0.8152,0.1398,0.4362,0.2328
LOGO,decision_c7_b4,thresholded_decision,C7,C7_morgan_chemberta,B4,False,XGBoost,0.05,0.2495,0.2333,0.2811,0.2064,0.2906,0.2622,0.8917,0.072,0.344,0.2867,0.8224,0.1294,0.4102,0.2304
LOGO,decision_c7_b4,thresholded_decision,C7,C7_morgan_chemberta,B4,False,XGBoost,0.1,0.2886,0.2638,0.309,0.2376,0.3663,0.321,0.9125,0.0652,0.3269,0.2859,0.8224,0.1294,0.4102,0.2304
LOGO,decision_c7_b4,thresholded_decision,C7,C7_morgan_chemberta,B4,False,XGBoost,0.15,0.2935,0.2633,0.3034,0.2388,0.3949,0.3348,0.9215,0.0611,0.3108,0.2886,0.8224,0.1294,0.4102,0.2304
LOGO,decision_c7_b4,thresholded_decision,C7,C7_morgan_chemberta,B4,False,XGBoost,0.2,0.3003,0.2462,0.2922,0.2264,0.449,0.3425,0.9271,0.0537,0.2884,0.2878,0.8224,0.1294,0.4102,0.2304
LOGO,decision_c7_b4,thresholded_decision,C7,C7_morgan_chemberta,B4,False,XGBoost,0.25,0.284,0.2525,0.2658,0.2334,0.4781,0.3809,0.9299,0.0519,0.2482,0.2917,0.8224,0.1294,0.4102,0.2304
LOGO,decision_c7_b4,thresholded_decision,C7,C7_morgan_chemberta,B4,False,XGBoost,0.3,0.2906,0.2564,0.268,0.2346,0.499,0.4005,0.9312,0.0525,0.2482,0.2917,0.8224,0.1294,0.4102,0.2304
LOGO,decision_c7_b4,thresholded_decision,C7,C7_morgan_chemberta,B4,False,XGBoost,0.35,0.287,0.2508,0.2635,0.229,0.5104,0.3966,0.9333,0.0531,0.2274,0.271,0.8224,0.1294,0.4102,0.2304
LOGO,decision_c7_b4,thresholded_decision,C7,C7_morgan_chemberta,B4,False,XGBoost,0.4,0.2769,0.2679,0.2542,0.249,0.5,0.4128,0.934,0.0544,0.2139,0.2759,0.8224,0.1294,0.4102,0.2304
LOGO,decision_c7_b4,thresholded_decision,C7,C7_morgan_chemberta,B4,False,XGBoost,0.45,0.2815,0.2671,0.2564,0.2491,0.5104,0.4104,0.9354,0.0548,0.2139,0.2759,0.8224,0.1294,0.4102,0.2304
LOGO,decision_c7_b4,thresholded_decision,C7,C7_morgan_chemberta,B4,False,XGBoost,0.5,0.2308,0.2348,0.2064,0.2099,0.4479,0.407,0.934,0.0536,0.1723,0.2523,0.8224,0.1294,0.4102,0.2304
LOGO,decision_c7_b4,thresholded_decision,C7,C7_morgan_chemberta,B4,False,XGBoost,0.55,0.198,0.2223,0.1776,0.1954,0.3854,0.3931,0.9326,0.0534,0.1519,0.2482,0.8224,0.1294,0.4102,0.2304
LOGO,decision_c7_b4,thresholded_decision,C7,C7_morgan_chemberta,B4,False,XGBoost,0.6,0.2065,0.2273,0.1799,0.1965,0.4167,0.4216,0.9333,0.0535,0.1519,0.2482,0.8224,0.1294,0.4102,0.2304
LOGO,decision_c7_b4,thresholded_decision,C7,C7_morgan_chemberta,B4,False,XGBoost,0.65,0.1505,0.1931,0.1268,0.1553,0.3542,0.4425,0.9333,0.0531,0.0825,0.1073,0.8224,0.1294,0.4102,0.2304
LOGO,decision_c7_b4,thresholded_decision,C7,C7_morgan_chemberta,B4,False,XGBoost,0.7,0.1257,0.1847,0.109,0.1523,0.2917,0.415,0.9326,0.053,0.0721,0.1066,0.8224,0.1294,0.4102,0.2304
LOGO,decision_c7_b4,thresholded_decision,C7,C7_morgan_chemberta,B4,False,XGBoost,0.75,0.1001,0.1736,0.0792,0.1311,0.2812,0.446,0.9319,0.0526,0.0483,0.081,0.8224,0.1294,0.4102,0.2304
LOGO,decision_c7_b4,thresholded_decision,C7,C7_morgan_chemberta,B4,False,XGBoost,0.8,0.0698,0.1457,0.0548,0.1098,0.2188,0.407,0.9312,0.0539,0.0337,0.0695,0.8224,0.1294,0.4102,0.2304
LOGO,decision_c7_b4,thresholded_decision,C7,C7_morgan_chemberta,B4,False,XGBoost,0.85,0.0252,0.0873,0.0235,0.0735,0.0938,0.272,0.9312,0.0555,0.0155,0.0506,0.8224,0.1294,0.4102,0.2304
LOGO,decision_c7_b4,thresholded_decision,C7,C7_morgan_chemberta,B4,False,XGBoost,0.9,0.0269,0.0866,0.0235,0.0735,0.0938,0.272,0.934,0.0582,0.0155,0.0506,0.8224,0.1294,0.4102,0.2304
LOGO,ranking_c1_b5,ranking,C1,C1_morgan_only,B5,True,ExtraTrees,0.05,0.2128,0.1509,0.2272,0.1513,0.1558,0.1163,0.7312,0.0817,0.6338,0.3584,0.8253,0.1464,0.4623,0.2399
LOGO,ranking_c1_b5,ranking,C1,C1_morgan_only,B5,True,ExtraTrees,0.1,0.2492,0.2172,0.2635,0.2022,0.2053,0.1809,0.8361,0.0616,0.5416,0.3654,0.8253,0.1464,0.4623,0.2399
LOGO,ranking_c1_b5,ranking,C1,C1_morgan_only,B5,True,ExtraTrees,0.15,0.2882,0.2309,0.3013,0.2142,0.2568,0.2147,0.8743,0.06,0.5134,0.3545,0.8253,0.1464,0.4623,0.2399
LOGO,ranking_c1_b5,ranking,C1,C1_morgan_only,B5,True,ExtraTrees,0.2,0.3001,0.2307,0.3124,0.2145,0.2715,0.2109,0.8889,0.0562,0.5056,0.3562,0.8253,0.1464,0.4623,0.2399
LOGO,ranking_c1_b5,ranking,C1,C1_morgan_only,B5,True,ExtraTrees,0.25,0.2839,0.2288,0.3041,0.2089,0.2861,0.2306,0.8944,0.0605,0.4332,0.3146,0.8253,0.1464,0.4623,0.2399
LOGO,ranking_c1_b5,ranking,C1,C1_morgan_only,B5,True,ExtraTrees,0.3,0.3018,0.2296,0.3196,0.2128,0.3211,0.2388,0.9035,0.0582,0.4186,0.3083,0.8253,0.1464,0.4623,0.2399
LOGO,ranking_c1_b5,ranking,C1,C1_morgan_only,B5,True,ExtraTrees,0.35,0.3285,0.2576,0.3386,0.2464,0.383,0.296,0.9146,0.0568,0.404,0.3073,0.8253,0.1464,0.4623,0.2399
LOGO,ranking_c1_b5,ranking,C1,C1_morgan_only,B5,True,ExtraTrees,0.4,0.3222,0.2467,0.3244,0.2273,0.4288,0.3379,0.9188,0.057,0.3504,0.2757,0.8253,0.1464,0.4623,0.2399
LOGO,ranking_c1_b5,ranking,C1,C1_morgan_only,B5,True,ExtraTrees,0.45,0.3249,0.2457,0.3276,0.2258,0.4314,0.3356,0.9215,0.058,0.3504,0.2757,0.8253,0.1464,0.4623,0.2399
LOGO,ranking_c1_b5,ranking,C1,C1_morgan_only,B5,True,ExtraTrees,0.5,0.3102,0.2568,0.3068,0.2406,0.4537,0.3492,0.9264,0.0544,0.2988,0.2861,0.8253,0.1464,0.4623,0.2399
LOGO,ranking_c1_b5,ranking,C1,C1_morgan_only,B5,True,ExtraTrees,0.55,0.3114,0.2288,0.2946,0.2078,0.5021,0.3867,0.9299,0.0511,0.278,0.2692,0.8253,0.1464,0.4623,0.2399
LOGO,ranking_c1_b5,ranking,C1,C1_morgan_only,B5,True,ExtraTrees,0.6,0.2696,0.2175,0.2529,0.199,0.4583,0.3727,0.9326,0.0508,0.2259,0.2555,0.8253,0.1464,0.4623,0.2399
LOGO,ranking_c1_b5,ranking,C1,C1_morgan_only,B5,True,ExtraTrees,0.65,0.2696,0.2155,0.2475,0.1997,0.4792,0.3745,0.934,0.0517,0.2181,0.2566,0.8253,0.1464,0.4623,0.2399
LOGO,ranking_c1_b5,ranking,C1,C1_morgan_only,B5,True,ExtraTrees,0.7,0.232,0.2043,0.2061,0.1852,0.4792,0.4122,0.9354,0.0543,0.1526,0.1569,0.8253,0.1464,0.4623,0.2399
LOGO,ranking_c1_b5,ranking,C1,C1_morgan_only,B5,True,ExtraTrees,0.75,0.1851,0.1975,0.1662,0.1818,0.3646,0.386,0.934,0.057,0.1272,0.159,0.8253,0.1464,0.4623,0.2399
LOGO,ranking_c1_b5,ranking,C1,C1_morgan_only,B5,True,ExtraTrees,0.8,0.1075,0.1603,0.1003,0.144,0.2188,0.3146,0.9319,0.0574,0.0689,0.1044,0.8253,0.1464,0.4623,0.2399
LOGO,ranking_c1_b5,ranking,C1,C1_morgan_only,B5,True,ExtraTrees,0.85,0.0597,0.1466,0.0483,0.1093,0.1562,0.3521,0.9333,0.0582,0.0286,0.0648,0.8253,0.1464,0.4623,0.2399
LOGO,ranking_c1_b5,ranking,C1,C1_morgan_only,B5,True,ExtraTrees,0.9,-0.0035,0.0104,0.0,0.0,0.0,0.0,0.9333,0.0603,0.0,0.0,0.8253,0.1464,0.4623,0.2399
LOGO,ranking_c1_b5,ranking,C1,C1_morgan_only,B5,True,HistGradientBoosting,0.05,0.1869,0.1345,0.2106,0.1393,0.1427,0.107,0.716,0.1165,0.6334,0.3373,0.8085,0.1537,0.4445,0.196
LOGO,ranking_c1_b5,ranking,C1,C1_morgan_only,B5,True,HistGradientBoosting,0.1,0.1942,0.1935,0.2229,0.1659,0.1629,0.1352,0.7799,0.1056,0.5451,0.3586,0.8085,0.1537,0.4445,0.196
LOGO,ranking_c1_b5,ranking,C1,C1_morgan_only,B5,True,HistGradientBoosting,0.15,0.2134,0.2199,0.2432,0.2019,0.1925,0.1665,0.8222,0.0957,0.4957,0.345,0.8085,0.1537,0.4445,0.196
LOGO,ranking_c1_b5,ranking,C1,C1_morgan_only,B5,True,HistGradientBoosting,0.2,0.2493,0.2264,0.2689,0.2111,0.2676,0.2788,0.8479,0.0866,0.4748,0.3218,0.8085,0.1537,0.4445,0.196
LOGO,ranking_c1_b5,ranking,C1,C1_morgan_only,B5,True,HistGradientBoosting,0.25,0.2545,0.1996,0.272,0.1867,0.286,0.2742,0.8667,0.0766,0.4424,0.2987,0.8085,0.1537,0.4445,0.196
LOGO,ranking_c1_b5,ranking,C1,C1_morgan_only,B5,True,HistGradientBoosting,0.3,0.2254,0.2079,0.2519,0.1987,0.2294,0.2119,0.875,0.0771,0.4047,0.3019,0.8085,0.1537,0.4445,0.196
LOGO,ranking_c1_b5,ranking,C1,C1_morgan_only,B5,True,HistGradientBoosting,0.35,0.24,0.209,0.2668,0.1986,0.245,0.2097,0.8882,0.0732,0.3943,0.2951,0.8085,0.1537,0.4445,0.196
LOGO,ranking_c1_b5,ranking,C1,C1_morgan_only,B5,True,HistGradientBoosting,0.4,0.2462,0.2208,0.2728,0.2035,0.2645,0.2342,0.8944,0.0749,0.3732,0.2884,0.8085,0.1537,0.4445,0.196
LOGO,ranking_c1_b5,ranking,C1,C1_morgan_only,B5,True,HistGradientBoosting,0.45,0.2587,0.24,0.2834,0.22,0.2905,0.2805,0.9,0.0745,0.3675,0.2856,0.8085,0.1537,0.4445,0.196
LOGO,ranking_c1_b5,ranking,C1,C1_morgan_only,B5,True,HistGradientBoosting,0.5,0.2589,0.2656,0.28,0.2427,0.3153,0.3324,0.9062,0.0733,0.3362,0.2973,0.8085,0.1537,0.4445,0.196
LOGO,ranking_c1_b5,ranking,C1,C1_morgan_only,B5,True,HistGradientBoosting,0.55,0.2566,0.2628,0.2728,0.2346,0.3379,0.357,0.9111,0.0738,0.3112,0.2909,0.8085,0.1537,0.4445,0.196
LOGO,ranking_c1_b5,ranking,C1,C1_morgan_only,B5,True,HistGradientBoosting,0.6,0.2539,0.2318,0.2608,0.1998,0.3597,0.3552,0.9181,0.0675,0.2847,0.2746,0.8085,0.1537,0.4445,0.196
LOGO,ranking_c1_b5,ranking,C1,C1_morgan_only,B5,True,HistGradientBoosting,0.65,0.2559,0.2206,0.2564,0.1903,0.3754,0.3561,0.9208,0.0628,0.2769,0.2736,0.8085,0.1537,0.4445,0.196
LOGO,ranking_c1_b5,ranking,C1,C1_morgan_only,B5,True,HistGradientBoosting,0.7,0.2216,0.2041,0.2197,0.1842,0.3334,0.3326,0.9236,0.0595,0.2471,0.2829,0.8085,0.1537,0.4445,0.196
LOGO,ranking_c1_b5,ranking,C1,C1_morgan_only,B5,True,HistGradientBoosting,0.75,0.221,0.2014,0.2143,0.1829,0.3501,0.3439,0.925,0.0591,0.2393,0.2845,0.8085,0.1537,0.4445,0.196
LOGO,ranking_c1_b5,ranking,C1,C1_morgan_only,B5,True,HistGradientBoosting,0.8,0.2535,0.2339,0.2392,0.2201,0.4152,0.3811,0.9306,0.0554,0.2393,0.2845,0.8085,0.1537,0.4445,0.196
LOGO,ranking_c1_b5,ranking,C1,C1_morgan_only,B5,True,HistGradientBoosting,0.85,0.2722,0.2415,0.2546,0.2311,0.4479,0.3823,0.9354,0.0537,0.2393,0.2845,0.8085,0.1537,0.4445,0.196
LOGO,ranking_c1_b5,ranking,C1,C1_morgan_only,B5,True,HistGradientBoosting,0.9,0.2357,0.2246,0.2132,0.2129,0.4115,0.3867,0.9354,0.0512,0.1993,0.2683,0.8085,0.1537,0.4445,0.196
LOGO,ranking_c1_b5,ranking,C1,C1_morgan_only,B5,True,KernelSVM,0.05,0.1908,0.1516,0.203,0.1344,0.131,0.0925,0.7028,0.038,0.6601,0.3699,0.8208,0.1401,0.462,0.2062
LOGO,ranking_c1_b5,ranking,C1,C1_morgan_only,B5,True,KernelSVM,0.1,0.2687,0.2112,0.2856,0.1957,0.2335,0.1846,0.866,0.0589,0.5121,0.3448,0.8208,0.1401,0.462,0.2062
LOGO,ranking_c1_b5,ranking,C1,C1_morgan_only,B5,True,KernelSVM,0.15,0.2709,0.1948,0.2893,0.1837,0.2781,0.1961,0.8944,0.0524,0.4166,0.3046,0.8208,0.1401,0.462,0.2062
LOGO,ranking_c1_b5,ranking,C1,C1_morgan_only,B5,True,KernelSVM,0.2,0.2987,0.214,0.3123,0.2022,0.3306,0.2292,0.9104,0.0545,0.4005,0.3061,0.8208,0.1401,0.462,0.2062
LOGO,ranking_c1_b5,ranking,C1,C1_morgan_only,B5,True,KernelSVM,0.25,0.3023,0.1983,0.3122,0.191,0.3656,0.2303,0.9201,0.0532,0.3593,0.2758,0.8208,0.1401,0.462,0.2062
LOGO,ranking_c1_b5,ranking,C1,C1_morgan_only,B5,True,KernelSVM,0.3,0.3423,0.2224,0.3431,0.2092,0.4438,0.2927,0.9292,0.0552,0.3593,0.2758,0.8208,0.1401,0.462,0.2062
LOGO,ranking_c1_b5,ranking,C1,C1_morgan_only,B5,True,KernelSVM,0.35,0.3536,0.2728,0.3459,0.2596,0.5156,0.3629,0.934,0.0539,0.3156,0.2879,0.8208,0.1401,0.462,0.2062
LOGO,ranking_c1_b5,ranking,C1,C1_morgan_only,B5,True,KernelSVM,0.4,0.3357,0.2484,0.3203,0.2338,0.5312,0.356,0.9361,0.055,0.278,0.2692,0.8208,0.1401,0.462,0.2062
LOGO,ranking_c1_b5,ranking,C1,C1_morgan_only,B5,True,KernelSVM,0.45,0.2264,0.1967,0.2081,0.1798,0.4479,0.3931,0.9333,0.0515,0.1577,0.1577,0.8208,0.1401,0.462,0.2062
LOGO,ranking_c1_b5,ranking,C1,C1_morgan_only,B5,True,KernelSVM,0.5,0.2237,0.2108,0.1949,0.189,0.4583,0.4282,0.9375,0.0541,0.1442,0.1598,0.8208,0.1401,0.462,0.2062
LOGO,ranking_c1_b5,ranking,C1,C1_morgan_only,B5,True,KernelSVM,0.55,0.1079,0.1852,0.1046,0.1735,0.1875,0.3096,0.9333,0.0599,0.0828,0.1505,0.8208,0.1401,0.462,0.2062
LOGO,ranking_c1_b5,ranking,C1,C1_morgan_only,B5,True,KernelSVM,0.6,0.0244,0.1245,0.0312,0.125,0.0312,0.125,0.9319,0.0604,0.0312,0.125,0.8208,0.1401,0.462,0.2062
LOGO,ranking_c1_b5,ranking,C1,C1_morgan_only,B5,True,KernelSVM,0.65,-0.001,0.004,0.0,0.0,0.0,0.0,0.934,0.0596,0.0,0.0,0.8208,0.1401,0.462,0.2062
LOGO,ranking_c1_b5,ranking,C1,C1_morgan_only,B5,True,KernelSVM,0.7,0.0,0.0,0.0,0.0,0.0,0.0,0.9347,0.06,0.0,0.0,0.8208,0.1401,0.462,0.2062
LOGO,ranking_c1_b5,ranking,C1,C1_morgan_only,B5,True,KernelSVM,0.75,0.0,0.0,0.0,0.0,0.0,0.0,0.9347,0.06,0.0,0.0,0.8208,0.1401,0.462,0.2062
LOGO,ranking_c1_b5,ranking,C1,C1_morgan_only,B5,True,KernelSVM,0.8,0.0,0.0,0.0,0.0,0.0,0.0,0.9347,0.06,0.0,0.0,0.8208,0.1401,0.462,0.2062
LOGO,ranking_c1_b5,ranking,C1,C1_morgan_only,B5,True,KernelSVM,0.85,0.0,0.0,0.0,0.0,0.0,0.0,0.9347,0.06,0.0,0.0,0.8208,0.1401,0.462,0.2062
LOGO,ranking_c1_b5,ranking,C1,C1_morgan_only,B5,True,KernelSVM,0.9,0.0,0.0,0.0,0.0,0.0,0.0,0.9347,0.06,0.0,0.0,0.8208,0.1401,0.462,0.2062
LOGO,ranking_c1_b5,ranking,C1,C1_morgan_only,B5,True,LightGBM,0.05,0.2854,0.2475,0.2946,0.2298,0.3578,0.3391,0.9069,0.0571,0.3638,0.3025,0.8138,0.1271,0.4623,0.2717
LOGO,ranking_c1_b5,ranking,C1,C1_morgan_only,B5,True,LightGBM,0.1,0.2889,0.2415,0.2973,0.2231,0.3707,0.3291,0.9139,0.0554,0.3445,0.2939,0.8138,0.1271,0.4623,0.2717
LOGO,ranking_c1_b5,ranking,C1,C1_morgan_only,B5,True,LightGBM,0.15,0.2932,0.2425,0.2931,0.2214,0.4095,0.3691,0.9194,0.0534,0.3216,0.2829,0.8138,0.1271,0.4623,0.2717
LOGO,ranking_c1_b5,ranking,C1,C1_morgan_only,B5,True,LightGBM,0.2,0.2944,0.235,0.2918,0.2134,0.4183,0.3645,0.9208,0.0529,0.3159,0.281,0.8138,0.1271,0.4623,0.2717
LOGO,ranking_c1_b5,ranking,C1,C1_morgan_only,B5,True,LightGBM,0.25,0.2882,0.2039,0.2747,0.1753,0.4496,0.3923,0.9215,0.0494,0.2951,0.2652,0.8138,0.1271,0.4623,0.2717
LOGO,ranking_c1_b5,ranking,C1,C1_morgan_only,B5,True,LightGBM,0.3,0.2963,0.2128,0.2844,0.1856,0.4589,0.389,0.9236,0.0511,0.2951,0.2652,0.8138,0.1271,0.4623,0.2717
LOGO,ranking_c1_b5,ranking,C1,C1_morgan_only,B5,True,LightGBM,0.35,0.2761,0.1979,0.2642,0.1671,0.4507,0.3809,0.9243,0.0523,0.2629,0.2462,0.8138,0.1271,0.4623,0.2717
LOGO,ranking_c1_b5,ranking,C1,C1_morgan_only,B5,True,LightGBM,0.4,0.2806,0.1983,0.2688,0.1685,0.4568,0.3777,0.9257,0.0524,0.2629,0.2462,0.8138,0.1271,0.4623,0.2717
LOGO,ranking_c1_b5,ranking,C1,C1_morgan_only,B5,True,LightGBM,0.45,0.2925,0.2127,0.282,0.1886,0.4729,0.3738,0.9278,0.0521,0.2629,0.2462,0.8138,0.1271,0.4623,0.2717
LOGO,ranking_c1_b5,ranking,C1,C1_morgan_only,B5,True,LightGBM,0.5,0.3013,0.2126,0.2887,0.1907,0.4896,0.3687,0.9299,0.0514,0.2629,0.2462,0.8138,0.1271,0.4623,0.2717
LOGO,ranking_c1_b5,ranking,C1,C1_morgan_only,B5,True,LightGBM,0.55,0.3073,0.2128,0.2932,0.1922,0.501,0.3648,0.9312,0.0515,0.2629,0.2462,0.8138,0.1271,0.4623,0.2717
LOGO,ranking_c1_b5,ranking,C1,C1_morgan_only,B5,True,LightGBM,0.6,0.3073,0.2128,0.2932,0.1922,0.501,0.3648,0.9312,0.0515,0.2629,0.2462,0.8138,0.1271,0.4623,0.2717
LOGO,ranking_c1_b5,ranking,C1,C1_morgan_only,B5,True,LightGBM,0.65,0.3073,0.2128,0.2932,0.1922,0.501,0.3648,0.9312,0.0515,0.2629,0.2462,0.8138,0.1271,0.4623,0.2717
LOGO,ranking_c1_b5,ranking,C1,C1_morgan_only,B5,True,LightGBM,0.7,0.3025,0.2194,0.2799,0.2045,0.5333,0.3791,0.9326,0.055,0.2464,0.2537,0.8138,0.1271,0.4623,0.2717
LOGO,ranking_c1_b5,ranking,C1,C1_morgan_only,B5,True,LightGBM,0.75,0.3025,0.2194,0.2799,0.2045,0.5333,0.3791,0.9326,0.055,0.2464,0.2537,0.8138,0.1271,0.4623,0.2717
LOGO,ranking_c1_b5,ranking,C1,C1_morgan_only,B5,True,LightGBM,0.8,0.3091,0.2193,0.2834,0.206,0.5469,0.3776,0.9347,0.0546,0.2464,0.2537,0.8138,0.1271,0.4623,0.2717
LOGO,ranking_c1_b5,ranking,C1,C1_morgan_only,B5,True,LightGBM,0.85,0.3193,0.2219,0.2919,0.211,0.5677,0.3692,0.9361,0.0551,0.2464,0.2537,0.8138,0.1271,0.4623,0.2717
LOGO,ranking_c1_b5,ranking,C1,C1_morgan_only,B5,True,LightGBM,0.9,0.3193,0.2219,0.2919,0.211,0.5677,0.3692,0.9361,0.0551,0.2464,0.2537,0.8138,0.1271,0.4623,0.2717
LOGO,ranking_c1_b5,ranking,C1,C1_morgan_only,B5,True,LogisticRegression,0.05,0.1823,0.1111,0.1913,0.1297,0.1186,0.0917,0.5882,0.0569,0.7505,0.3427,0.8274,0.1521,0.4789,0.2101
LOGO,ranking_c1_b5,ranking,C1,C1_morgan_only,B5,True,LogisticRegression,0.1,0.1959,0.137,0.2069,0.1406,0.1325,0.1008,0.6819,0.0329,0.6884,0.3548,0.8274,0.1521,0.4789,0.2101
LOGO,ranking_c1_b5,ranking,C1,C1_morgan_only,B5,True,LogisticRegression,0.15,0.1923,0.156,0.2023,0.1385,0.1305,0.095,0.6931,0.0429,0.6706,0.3729,0.8274,0.1521,0.4789,0.2101
LOGO,ranking_c1_b5,ranking,C1,C1_morgan_only,B5,True,LogisticRegression,0.2,0.2045,0.1586,0.2172,0.1464,0.1444,0.1061,0.7243,0.0617,0.6446,0.3571,0.8274,0.1521,0.4789,0.2101
LOGO,ranking_c1_b5,ranking,C1,C1_morgan_only,B5,True,LogisticRegression,0.25,0.2236,0.1686,0.2364,0.1592,0.1613,0.118,0.7639,0.0567,0.6237,0.3445,0.8274,0.1521,0.4789,0.2101
LOGO,ranking_c1_b5,ranking,C1,C1_morgan_only,B5,True,LogisticRegression,0.3,0.252,0.1863,0.2625,0.1766,0.1855,0.1375,0.8,0.0569,0.6181,0.3482,0.8274,0.1521,0.4789,0.2101
LOGO,ranking_c1_b5,ranking,C1,C1_morgan_only,B5,True,LogisticRegression,0.35,0.2487,0.1841,0.2624,0.1762,0.1896,0.1414,0.8146,0.0536,0.588,0.3364,0.8274,0.1521,0.4789,0.2101
LOGO,ranking_c1_b5,ranking,C1,C1_morgan_only,B5,True,LogisticRegression,0.4,0.2588,0.196,0.2729,0.1847,0.2013,0.1524,0.8278,0.0587,0.5793,0.339,0.8274,0.1521,0.4789,0.2101
LOGO,ranking_c1_b5,ranking,C1,C1_morgan_only,B5,True,LogisticRegression,0.45,0.2723,0.1974,0.2862,0.1865,0.2165,0.1596,0.8424,0.0585,0.5715,0.3362,0.8274,0.1521,0.4789,0.2101
LOGO,ranking_c1_b5,ranking,C1,C1_morgan_only,B5,True,LogisticRegression,0.5,0.2873,0.2161,0.3003,0.202,0.2373,0.1831,0.8576,0.0598,0.5589,0.3468,0.8274,0.1521,0.4789,0.2101
LOGO,ranking_c1_b5,ranking,C1,C1_morgan_only,B5,True,LogisticRegression,0.55,0.2956,0.2364,0.3091,0.2206,0.2551,0.2086,0.8722,0.0599,0.5338,0.3545,0.8274,0.1521,0.4789,0.2101
LOGO,ranking_c1_b5,ranking,C1,C1_morgan_only,B5,True,LogisticRegression,0.6,0.2913,0.2341,0.3095,0.2172,0.2724,0.2182,0.8847,0.0614,0.4812,0.3298,0.8274,0.1521,0.4789,0.2101
LOGO,ranking_c1_b5,ranking,C1,C1_morgan_only,B5,True,LogisticRegression,0.65,0.2982,0.2194,0.3154,0.2096,0.2959,0.2302,0.8972,0.0553,0.4499,0.2997,0.8274,0.1521,0.4789,0.2101
LOGO,ranking_c1_b5,ranking,C1,C1_morgan_only,B5,True,LogisticRegression,0.7,0.2957,0.2165,0.3129,0.208,0.3163,0.2365,0.9042,0.0556,0.4136,0.2926,0.8274,0.1521,0.4789,0.2101
LOGO,ranking_c1_b5,ranking,C1,C1_morgan_only,B5,True,LogisticRegression,0.75,0.3113,0.2114,0.3235,0.2022,0.3613,0.2623,0.9118,0.0534,0.39,0.2733,0.8274,0.1521,0.4789,0.2101
LOGO,ranking_c1_b5,ranking,C1,C1_morgan_only,B5,True,LogisticRegression,0.8,0.3462,0.2138,0.3514,0.2089,0.4198,0.2679,0.9243,0.0517,0.39,0.2733,0.8274,0.1521,0.4789,0.2101
LOGO,ranking_c1_b5,ranking,C1,C1_morgan_only,B5,True,LogisticRegression,0.85,0.3602,0.2217,0.3582,0.2119,0.474,0.293,0.9306,0.0544,0.3661,0.2771,0.8274,0.1521,0.4789,0.2101
LOGO,ranking_c1_b5,ranking,C1,C1_morgan_only,B5,True,LogisticRegression,0.9,0.3593,0.2556,0.3349,0.2436,0.5833,0.3849,0.9375,0.0516,0.2869,0.2718,0.8274,0.1521,0.4789,0.2101
LOGO,ranking_c1_b5,ranking,C1,C1_morgan_only,B5,True,RandomForest,0.05,0.2283,0.1517,0.2356,0.1566,0.1584,0.1152,0.7264,0.0736,0.6747,0.3562,0.8426,0.1276,0.4858,0.2454
LOGO,ranking_c1_b5,ranking,C1,C1_morgan_only,B5,True,RandomForest,0.1,0.2697,0.2244,0.2795,0.2037,0.2154,0.1799,0.8403,0.0624,0.5749,0.3797,0.8426,0.1276,0.4858,0.2454
LOGO,ranking_c1_b5,ranking,C1,C1_morgan_only,B5,True,RandomForest,0.15,0.2812,0.2309,0.2962,0.2114,0.2486,0.2116,0.875,0.0617,0.5134,0.3545,0.8426,0.1276,0.4858,0.2454
LOGO,ranking_c1_b5,ranking,C1,C1_morgan_only,B5,True,RandomForest,0.2,0.2941,0.2372,0.3113,0.224,0.278,0.229,0.8889,0.0582,0.4765,0.3279,0.8426,0.1276,0.4858,0.2454
LOGO,ranking_c1_b5,ranking,C1,C1_morgan_only,B5,True,RandomForest,0.25,0.3066,0.2301,0.3237,0.2159,0.313,0.2367,0.9021,0.0584,0.4437,0.3138,0.8426,0.1276,0.4858,0.2454
LOGO,ranking_c1_b5,ranking,C1,C1_morgan_only,B5,True,RandomForest,0.3,0.3381,0.2498,0.3451,0.2374,0.3926,0.2955,0.916,0.0543,0.413,0.3102,0.8426,0.1276,0.4858,0.2454
LOGO,ranking_c1_b5,ranking,C1,C1_morgan_only,B5,True,RandomForest,0.35,0.3093,0.2477,0.3128,0.2278,0.4162,0.3449,0.9194,0.0536,0.3338,0.2828,0.8426,0.1276,0.4858,0.2454
LOGO,ranking_c1_b5,ranking,C1,C1_morgan_only,B5,True,RandomForest,0.4,0.2985,0.2569,0.299,0.2339,0.4312,0.3526,0.9229,0.0572,0.2988,0.2861,0.8426,0.1276,0.4858,0.2454
LOGO,ranking_c1_b5,ranking,C1,C1_morgan_only,B5,True,RandomForest,0.45,0.3153,0.2477,0.3012,0.2304,0.5021,0.3914,0.9306,0.0516,0.278,0.2692,0.8426,0.1276,0.4858,0.2454
LOGO,ranking_c1_b5,ranking,C1,C1_morgan_only,B5,True,RandomForest,0.5,0.3338,0.2457,0.3165,0.2316,0.5365,0.3763,0.9354,0.0534,0.278,0.2692,0.8426,0.1276,0.4858,0.2454
LOGO,ranking_c1_b5,ranking,C1,C1_morgan_only,B5,True,RandomForest,0.55,0.3178,0.2171,0.2908,0.1985,0.5521,0.3688,0.9361,0.0516,0.2468,0.2494,0.8426,0.1276,0.4858,0.2454
LOGO,ranking_c1_b5,ranking,C1,C1_morgan_only,B5,True,RandomForest,0.6,0.2844,0.2223,0.2536,0.2057,0.5208,0.3891,0.9361,0.0506,0.2181,0.2566,0.8426,0.1276,0.4858,0.2454
LOGO,ranking_c1_b5,ranking,C1,C1_morgan_only,B5,True,RandomForest,0.65,0.2542,0.2131,0.2204,0.1917,0.5312,0.427,0.9368,0.0505,0.1556,0.1552,0.8426,0.1276,0.4858,0.2454
LOGO,ranking_c1_b5,ranking,C1,C1_morgan_only,B5,True,RandomForest,0.7,0.1938,0.2101,0.17,0.1941,0.4062,0.4171,0.934,0.0548,0.1245,0.16,0.8426,0.1276,0.4858,0.2454
LOGO,ranking_c1_b5,ranking,C1,C1_morgan_only,B5,True,RandomForest,0.75,0.1565,0.2019,0.1368,0.1773,0.3125,0.4031,0.9347,0.0589,0.1001,0.1481,0.8426,0.1276,0.4858,0.2454
LOGO,ranking_c1_b5,ranking,C1,C1_morgan_only,B5,True,RandomForest,0.8,-0.0079,0.0134,0.0,0.0,0.0,0.0,0.9312,0.0599,0.0,0.0,0.8426,0.1276,0.4858,0.2454
LOGO,ranking_c1_b5,ranking,C1,C1_morgan_only,B5,True,RandomForest,0.85,-0.0022,0.0088,0.0,0.0,0.0,0.0,0.934,0.0605,0.0,0.0,0.8426,0.1276,0.4858,0.2454
LOGO,ranking_c1_b5,ranking,C1,C1_morgan_only,B5,True,RandomForest,0.9,0.0,0.0,0.0,0.0,0.0,0.0,0.9347,0.06,0.0,0.0,0.8426,0.1276,0.4858,0.2454
LOGO,ranking_c1_b5,ranking,C1,C1_morgan_only,B5,True,XGBoost,0.05,0.2083,0.1484,0.2218,0.1331,0.1471,0.0948,0.759,0.0738,0.6369,0.3605,0.8242,0.1435,0.4829,0.27
LOGO,ranking_c1_b5,ranking,C1,C1_morgan_only,B5,True,XGBoost,0.1,0.2501,0.2191,0.2705,0.1904,0.1966,0.1435,0.8354,0.0843,0.5657,0.3588,0.8242,0.1435,0.4829,0.27
LOGO,ranking_c1_b5,ranking,C1,C1_morgan_only,B5,True,XGBoost,0.15,0.2697,0.2767,0.2987,0.2581,0.252,0.252,0.8667,0.0802,0.4821,0.332,0.8242,0.1435,0.4829,0.27
LOGO,ranking_c1_b5,ranking,C1,C1_morgan_only,B5,True,XGBoost,0.2,0.273,0.2661,0.3029,0.2485,0.2688,0.2542,0.8799,0.0771,0.4497,0.3123,0.8242,0.1435,0.4829,0.27
LOGO,ranking_c1_b5,ranking,C1,C1_morgan_only,B5,True,XGBoost,0.25,0.2865,0.2474,0.3132,0.228,0.3092,0.2764,0.8938,0.0737,0.4163,0.2792,0.8242,0.1435,0.4829,0.27
LOGO,ranking_c1_b5,ranking,C1,C1_morgan_only,B5,True,XGBoost,0.3,0.2761,0.2543,0.3031,0.2359,0.312,0.282,0.9007,0.0651,0.3747,0.2953,0.8242,0.1435,0.4829,0.27
LOGO,ranking_c1_b5,ranking,C1,C1_morgan_only,B5,True,XGBoost,0.35,0.2913,0.265,0.3155,0.2436,0.3467,0.3149,0.9069,0.0645,0.3633,0.2879,0.8242,0.1435,0.4829,0.27
LOGO,ranking_c1_b5,ranking,C1,C1_morgan_only,B5,True,XGBoost,0.4,0.2951,0.2591,0.3145,0.2375,0.3622,0.314,0.9118,0.0625,0.3519,0.2877,0.8242,0.1435,0.4829,0.27
LOGO,ranking_c1_b5,ranking,C1,C1_morgan_only,B5,True,XGBoost,0.45,0.2698,0.2321,0.2865,0.2055,0.3598,0.3137,0.9153,0.0612,0.3061,0.2672,0.8242,0.1435,0.4829,0.27
LOGO,ranking_c1_b5,ranking,C1,C1_morgan_only,B5,True,XGBoost,0.5,0.2715,0.228,0.2834,0.2019,0.3763,0.3227,0.9167,0.0595,0.2983,0.2668,0.8242,0.1435,0.4829,0.27
LOGO,ranking_c1_b5,ranking,C1,C1_morgan_only,B5,True,XGBoost,0.55,0.2861,0.2301,0.2836,0.197,0.4315,0.3754,0.9201,0.0563,0.2894,0.2646,0.8242,0.1435,0.4829,0.27
LOGO,ranking_c1_b5,ranking,C1,C1_morgan_only,B5,True,XGBoost,0.6,0.2989,0.2347,0.2939,0.2066,0.4554,0.3776,0.9236,0.0553,0.2894,0.2646,0.8242,0.1435,0.4829,0.27
LOGO,ranking_c1_b5,ranking,C1,C1_morgan_only,B5,True,XGBoost,0.65,0.2948,0.2214,0.2833,0.1938,0.4777,0.3974,0.9257,0.0511,0.2685,0.2453,0.8242,0.1435,0.4829,0.27
LOGO,ranking_c1_b5,ranking,C1,C1_morgan_only,B5,True,XGBoost,0.7,0.3047,0.222,0.2915,0.196,0.4948,0.3926,0.9292,0.0518,0.2685,0.2453,0.8242,0.1435,0.4829,0.27
LOGO,ranking_c1_b5,ranking,C1,C1_morgan_only,B5,True,XGBoost,0.75,0.305,0.2215,0.2915,0.196,0.4948,0.3926,0.9299,0.0521,0.2685,0.2453,0.8242,0.1435,0.4829,0.27
LOGO,ranking_c1_b5,ranking,C1,C1_morgan_only,B5,True,XGBoost,0.8,0.3035,0.2158,0.2814,0.1957,0.5229,0.3919,0.9312,0.0518,0.255,0.2486,0.8242,0.1435,0.4829,0.27
LOGO,ranking_c1_b5,ranking,C1,C1_morgan_only,B5,True,XGBoost,0.85,0.3084,0.2311,0.2823,0.2068,0.5438,0.4086,0.9326,0.0542,0.2494,0.2515,0.8242,0.1435,0.4829,0.27
LOGO,ranking_c1_b5,ranking,C1,C1_morgan_only,B5,True,XGBoost,0.9,0.2802,0.2228,0.2514,0.2055,0.5104,0.3919,0.9361,0.0512,0.2181,0.2566,0.8242,0.1435,0.4829,0.27
