Evaluation,RepresentationStage,Representation,ImbalanceStage,ImbalanceMethod,Threshold,MCC_mean,MCC_std,F1_mean,F1_std,Precision_mean,Precision_std,Accuracy_mean,Accuracy_std,Recall_mean,Recall_std,AUROC_mean,AUROC_std,AUPRC_mean,AUPRC_std
CV,C1,C1_morgan_only,B4,B4_threshold_tuning_only,0.05,0.3283,0.0851,0.3289,0.0717,0.2114,0.0567,0.7875,0.0492,0.7767,0.1397,0.8807,0.0657,0.4313,0.0908
CV,C1,C1_morgan_only,B4,B4_threshold_tuning_only,0.1,0.3649,0.091,0.393,0.0812,0.3006,0.0868,0.8743,0.0346,0.6078,0.1393,0.8807,0.0657,0.4313,0.0908
CV,C1,C1_morgan_only,B4,B4_threshold_tuning_only,0.15,0.3908,0.0817,0.4272,0.0733,0.3819,0.0954,0.909,0.0239,0.5122,0.116,0.8807,0.0657,0.4313,0.0908
CV,C1,C1_morgan_only,B4,B4_threshold_tuning_only,0.2,0.365,0.0835,0.3995,0.0724,0.4306,0.1333,0.9208,0.0215,0.3944,0.0754,0.8807,0.0657,0.4313,0.0908
CV,C1,C1_morgan_only,B4,B4_threshold_tuning_only,0.25,0.3441,0.1188,0.3689,0.1109,0.4622,0.1645,0.9292,0.0142,0.32,0.1037,0.8807,0.0657,0.4313,0.0908
CV,C1,C1_morgan_only,B4,B4_threshold_tuning_only,0.3,0.3189,0.1394,0.3329,0.132,0.4733,0.1888,0.9319,0.0134,0.2678,0.1159,0.8807,0.0657,0.4313,0.0908
CV,C1,C1_morgan_only,B4,B4_threshold_tuning_only,0.35,0.3167,0.1509,0.3282,0.1387,0.4833,0.2108,0.9326,0.0143,0.2567,0.1142,0.8807,0.0657,0.4313,0.0908
CV,C1,C1_morgan_only,B4,B4_threshold_tuning_only,0.4,0.3182,0.1368,0.3177,0.1333,0.5217,0.1783,0.9361,0.0102,0.2356,0.1103,0.8807,0.0657,0.4313,0.0908
CV,C1,C1_morgan_only,B4,B4_threshold_tuning_only,0.45,0.3256,0.1111,0.306,0.1137,0.6,0.2071,0.9382,0.0089,0.2156,0.0942,0.8807,0.0657,0.4313,0.0908
CV,C1,C1_morgan_only,B4,B4_threshold_tuning_only,0.5,0.2921,0.1429,0.2641,0.1363,0.575,0.3003,0.9382,0.0076,0.1822,0.1061,0.8807,0.0657,0.4313,0.0908
CV,C1,C1_morgan_only,B4,B4_threshold_tuning_only,0.55,0.2369,0.1549,0.1974,0.1392,0.5583,0.381,0.9368,0.0076,0.13,0.103,0.8807,0.0657,0.4313,0.0908
CV,C1,C1_morgan_only,B4,B4_threshold_tuning_only,0.6,0.1295,0.1563,0.1156,0.1336,0.3,0.3583,0.934,0.0059,0.0756,0.0907,0.8807,0.0657,0.4313,0.0908
CV,C1,C1_morgan_only,B4,B4_threshold_tuning_only,0.65,0.0858,0.1271,0.0715,0.0928,0.2333,0.3443,0.9333,0.0059,0.0433,0.056,0.8807,0.0657,0.4313,0.0908
CV,C1,C1_morgan_only,B4,B4_threshold_tuning_only,0.7,0.0665,0.1194,0.0533,0.0864,0.1833,0.3375,0.934,0.0059,0.0322,0.052,0.8807,0.0657,0.4313,0.0908
CV,C1,C1_morgan_only,B4,B4_threshold_tuning_only,0.75,0.0278,0.1045,0.02,0.0632,0.1,0.3162,0.934,0.0067,0.0111,0.0351,0.8807,0.0657,0.4313,0.0908
CV,C1,C1_morgan_only,B4,B4_threshold_tuning_only,0.8,0.0,0.0,0.0,0.0,0.0,0.0,0.9347,0.0036,0.0,0.0,0.8807,0.0657,0.4313,0.0908
CV,C1,C1_morgan_only,B4,B4_threshold_tuning_only,0.85,0.0,0.0,0.0,0.0,0.0,0.0,0.9347,0.0036,0.0,0.0,0.8807,0.0657,0.4313,0.0908
CV,C1,C1_morgan_only,B4,B4_threshold_tuning_only,0.9,0.0,0.0,0.0,0.0,0.0,0.0,0.9347,0.0036,0.0,0.0,0.8807,0.0657,0.4313,0.0908
CV,C1,C1_morgan_only,B5,B5_class_weight_threshold_tuning,0.05,0.3613,0.0682,0.3431,0.0582,0.2151,0.043,0.7771,0.049,0.8722,0.1091,0.8874,0.0634,0.4508,0.0975
CV,C1,C1_morgan_only,B5,B5_class_weight_threshold_tuning,0.1,0.3657,0.0891,0.3763,0.0737,0.2572,0.0581,0.841,0.0355,0.7233,0.1469,0.8874,0.0634,0.4508,0.0975
CV,C1,C1_morgan_only,B5,B5_class_weight_threshold_tuning,0.15,0.4121,0.0902,0.4363,0.0812,0.3371,0.0835,0.8875,0.0312,0.65,0.1313,0.8874,0.0634,0.4508,0.0975
CV,C1,C1_morgan_only,B5,B5_class_weight_threshold_tuning,0.2,0.3732,0.1156,0.41,0.1029,0.3512,0.0994,0.9014,0.0277,0.52,0.1589,0.8874,0.0634,0.4508,0.0975
CV,C1,C1_morgan_only,B5,B5_class_weight_threshold_tuning,0.25,0.3964,0.078,0.4321,0.073,0.4134,0.0958,0.9188,0.015,0.4767,0.1141,0.8874,0.0634,0.4508,0.0975
CV,C1,C1_morgan_only,B5,B5_class_weight_threshold_tuning,0.3,0.3502,0.0978,0.386,0.0888,0.4263,0.1271,0.9236,0.0179,0.3622,0.0761,0.8874,0.0634,0.4508,0.0975
CV,C1,C1_morgan_only,B5,B5_class_weight_threshold_tuning,0.35,0.3357,0.1276,0.3606,0.1125,0.4641,0.1741,0.9299,0.0159,0.2989,0.0858,0.8874,0.0634,0.4508,0.0975
CV,C1,C1_morgan_only,B5,B5_class_weight_threshold_tuning,0.4,0.3168,0.1422,0.3301,0.1313,0.4806,0.1867,0.9326,0.0147,0.2556,0.1008,0.8874,0.0634,0.4508,0.0975
CV,C1,C1_morgan_only,B5,B5_class_weight_threshold_tuning,0.45,0.2759,0.1726,0.2783,0.1576,0.4652,0.2542,0.9333,0.0136,0.2044,0.1199,0.8874,0.0634,0.4508,0.0975
CV,C1,C1_morgan_only,B5,B5_class_weight_threshold_tuning,0.5,0.2753,0.1479,0.2636,0.1404,0.4933,0.2347,0.9368,0.0089,0.1833,0.1052,0.8874,0.0634,0.4508,0.0975
CV,C1,C1_morgan_only,B5,B5_class_weight_threshold_tuning,0.55,0.29,0.1507,0.261,0.1335,0.5667,0.2772,0.9389,0.0091,0.1722,0.0927,0.8874,0.0634,0.4508,0.0975
CV,C1,C1_morgan_only,B5,B5_class_weight_threshold_tuning,0.6,0.2891,0.1483,0.2161,0.1116,0.7333,0.3702,0.9403,0.0088,0.1289,0.0683,0.8874,0.0634,0.4508,0.0975
CV,C1,C1_morgan_only,B5,B5_class_weight_threshold_tuning,0.65,0.1582,0.186,0.1127,0.1296,0.45,0.4972,0.9368,0.0089,0.0656,0.0771,0.8874,0.0634,0.4508,0.0975
CV,C1,C1_morgan_only,B5,B5_class_weight_threshold_tuning,0.7,0.0651,0.1547,0.0545,0.1227,0.15,0.3375,0.9354,0.0074,0.0333,0.075,0.8874,0.0634,0.4508,0.0975
CV,C1,C1_morgan_only,B5,B5_class_weight_threshold_tuning,0.75,0.0192,0.069,0.0182,0.0575,0.05,0.1581,0.934,0.0049,0.0111,0.0351,0.8874,0.0634,0.4508,0.0975
CV,C1,C1_morgan_only,B5,B5_class_weight_threshold_tuning,0.8,-0.0022,0.0068,0.0,0.0,0.0,0.0,0.934,0.0037,0.0,0.0,0.8874,0.0634,0.4508,0.0975
CV,C1,C1_morgan_only,B5,B5_class_weight_threshold_tuning,0.85,0.0,0.0,0.0,0.0,0.0,0.0,0.9347,0.0036,0.0,0.0,0.8874,0.0634,0.4508,0.0975
CV,C1,C1_morgan_only,B5,B5_class_weight_threshold_tuning,0.9,0.0,0.0,0.0,0.0,0.0,0.0,0.9347,0.0036,0.0,0.0,0.8874,0.0634,0.4508,0.0975
CV,C2,C2_rdkit_descriptors_only,B4,B4_threshold_tuning_only,0.05,0.2892,0.0558,0.2794,0.0402,0.1684,0.0271,0.716,0.0427,0.8389,0.1277,0.8541,0.0625,0.4039,0.1041
CV,C2,C2_rdkit_descriptors_only,B4,B4_threshold_tuning_only,0.1,0.359,0.0461,0.3609,0.0399,0.2383,0.0352,0.8208,0.0338,0.7667,0.1085,0.8541,0.0625,0.4039,0.1041
CV,C2,C2_rdkit_descriptors_only,B4,B4_threshold_tuning_only,0.15,0.3856,0.0715,0.4049,0.0571,0.2946,0.051,0.8708,0.0243,0.6722,0.1423,0.8541,0.0625,0.4039,0.1041
CV,C2,C2_rdkit_descriptors_only,B4,B4_threshold_tuning_only,0.2,0.3284,0.0933,0.3665,0.0751,0.293,0.0556,0.8882,0.0144,0.51,0.1765,0.8541,0.0625,0.4039,0.1041
CV,C2,C2_rdkit_descriptors_only,B4,B4_threshold_tuning_only,0.25,0.3054,0.0815,0.3511,0.0771,0.3109,0.0675,0.9014,0.0138,0.4144,0.1102,0.8541,0.0625,0.4039,0.1041
CV,C2,C2_rdkit_descriptors_only,B4,B4_threshold_tuning_only,0.3,0.2528,0.1115,0.2962,0.1103,0.3071,0.1,0.9111,0.0134,0.2978,0.1293,0.8541,0.0625,0.4039,0.1041
CV,C2,C2_rdkit_descriptors_only,B4,B4_threshold_tuning_only,0.35,0.2768,0.1088,0.3004,0.1061,0.403,0.1552,0.9243,0.0129,0.2567,0.1065,0.8541,0.0625,0.4039,0.1041
CV,C2,C2_rdkit_descriptors_only,B4,B4_threshold_tuning_only,0.4,0.2724,0.1926,0.2698,0.1716,0.485,0.282,0.9319,0.0199,0.1944,0.135,0.8541,0.0625,0.4039,0.1041
CV,C2,C2_rdkit_descriptors_only,B4,B4_threshold_tuning_only,0.45,0.3001,0.1847,0.274,0.1608,0.5833,0.3043,0.9382,0.0141,0.1833,0.1153,0.8541,0.0625,0.4039,0.1041
CV,C2,C2_rdkit_descriptors_only,B4,B4_threshold_tuning_only,0.5,0.3142,0.1491,0.251,0.1419,0.75,0.3333,0.9403,0.0099,0.1622,0.1083,0.8541,0.0625,0.4039,0.1041
CV,C2,C2_rdkit_descriptors_only,B4,B4_threshold_tuning_only,0.55,0.321,0.1473,0.2535,0.1433,0.7667,0.3235,0.9417,0.0082,0.1622,0.1083,0.8541,0.0625,0.4039,0.1041
CV,C2,C2_rdkit_descriptors_only,B4,B4_threshold_tuning_only,0.6,0.3054,0.1365,0.2274,0.1236,0.7917,0.3316,0.941,0.0075,0.14,0.0906,0.8541,0.0625,0.4039,0.1041
CV,C2,C2_rdkit_descriptors_only,B4,B4_threshold_tuning_only,0.65,0.21,0.1988,0.1692,0.1684,0.4917,0.4521,0.9389,0.0079,0.1078,0.115,0.8541,0.0625,0.4039,0.1041
CV,C2,C2_rdkit_descriptors_only,B4,B4_threshold_tuning_only,0.7,0.1295,0.1969,0.1064,0.1643,0.3,0.4216,0.9368,0.0095,0.0667,0.1073,0.8541,0.0625,0.4039,0.1041
CV,C2,C2_rdkit_descriptors_only,B4,B4_threshold_tuning_only,0.75,0.1054,0.1458,0.0764,0.0988,0.3,0.4216,0.9354,0.0066,0.0444,0.0574,0.8541,0.0625,0.4039,0.1041
CV,C2,C2_rdkit_descriptors_only,B4,B4_threshold_tuning_only,0.8,0.0972,0.1564,0.06,0.0966,0.3,0.483,0.9368,0.0061,0.0333,0.0537,0.8541,0.0625,0.4039,0.1041
CV,C2,C2_rdkit_descriptors_only,B4,B4_threshold_tuning_only,0.85,0.0324,0.1024,0.02,0.0632,0.1,0.3162,0.9354,0.0047,0.0111,0.0351,0.8541,0.0625,0.4039,0.1041
CV,C2,C2_rdkit_descriptors_only,B4,B4_threshold_tuning_only,0.9,0.0,0.0,0.0,0.0,0.0,0.0,0.9347,0.0036,0.0,0.0,0.8541,0.0625,0.4039,0.1041
CV,C2,C2_rdkit_descriptors_only,B5,B5_class_weight_threshold_tuning,0.05,0.3157,0.0746,0.308,0.0551,0.1909,0.0382,0.7576,0.0421,0.8189,0.1462,0.8464,0.0604,0.3934,0.1126
CV,C2,C2_rdkit_descriptors_only,B5,B5_class_weight_threshold_tuning,0.1,0.3425,0.0789,0.36,0.0679,0.2476,0.0547,0.8403,0.0327,0.68,0.1274,0.8464,0.0604,0.3934,0.1126
CV,C2,C2_rdkit_descriptors_only,B5,B5_class_weight_threshold_tuning,0.15,0.3425,0.0748,0.3763,0.0626,0.2881,0.0593,0.8778,0.0237,0.5644,0.1374,0.8464,0.0604,0.3934,0.1126
CV,C2,C2_rdkit_descriptors_only,B5,B5_class_weight_threshold_tuning,0.2,0.3046,0.0734,0.3509,0.0687,0.3109,0.0686,0.8993,0.0205,0.4156,0.0923,0.8464,0.0604,0.3934,0.1126
CV,C2,C2_rdkit_descriptors_only,B5,B5_class_weight_threshold_tuning,0.25,0.272,0.0876,0.3132,0.0852,0.3221,0.0948,0.9083,0.0173,0.33,0.1255,0.8464,0.0604,0.3934,0.1126
CV,C2,C2_rdkit_descriptors_only,B5,B5_class_weight_threshold_tuning,0.3,0.2517,0.1289,0.2892,0.1313,0.3238,0.1077,0.9167,0.0143,0.2767,0.1509,0.8464,0.0604,0.3934,0.1126
CV,C2,C2_rdkit_descriptors_only,B5,B5_class_weight_threshold_tuning,0.35,0.2867,0.1342,0.3016,0.1321,0.4383,0.1674,0.9285,0.0164,0.2456,0.1251,0.8464,0.0604,0.3934,0.1126
CV,C2,C2_rdkit_descriptors_only,B5,B5_class_weight_threshold_tuning,0.4,0.2327,0.1394,0.2338,0.1348,0.4245,0.1904,0.9299,0.0129,0.1722,0.1164,0.8464,0.0604,0.3934,0.1126
CV,C2,C2_rdkit_descriptors_only,B5,B5_class_weight_threshold_tuning,0.45,0.2836,0.1489,0.2451,0.1421,0.6167,0.2919,0.9382,0.0101,0.1622,0.1083,0.8464,0.0604,0.3934,0.1126
CV,C2,C2_rdkit_descriptors_only,B5,B5_class_weight_threshold_tuning,0.5,0.2989,0.1427,0.2393,0.1293,0.7083,0.3222,0.9403,0.0082,0.1511,0.0934,0.8464,0.0604,0.3934,0.1126
CV,C2,C2_rdkit_descriptors_only,B5,B5_class_weight_threshold_tuning,0.55,0.2757,0.1774,0.2219,0.1518,0.6417,0.3929,0.9403,0.0082,0.14,0.1047,0.8464,0.0604,0.3934,0.1126
CV,C2,C2_rdkit_descriptors_only,B5,B5_class_weight_threshold_tuning,0.6,0.2521,0.2006,0.2037,0.1672,0.5917,0.4417,0.9396,0.0087,0.1289,0.1136,0.8464,0.0604,0.3934,0.1126
CV,C2,C2_rdkit_descriptors_only,B5,B5_class_weight_threshold_tuning,0.65,0.2047,0.195,0.1473,0.144,0.55,0.4972,0.9389,0.0085,0.0867,0.0871,0.8464,0.0604,0.3934,0.1126
CV,C2,C2_rdkit_descriptors_only,B5,B5_class_weight_threshold_tuning,0.7,0.1776,0.161,0.1145,0.0989,0.55,0.4972,0.9375,0.0065,0.0644,0.0556,0.8464,0.0604,0.3934,0.1126
CV,C2,C2_rdkit_descriptors_only,B5,B5_class_weight_threshold_tuning,0.75,0.1168,0.1538,0.0764,0.0988,0.35,0.4743,0.9368,0.0051,0.0433,0.056,0.8464,0.0604,0.3934,0.1126
CV,C2,C2_rdkit_descriptors_only,B5,B5_class_weight_threshold_tuning,0.8,0.0972,0.1564,0.06,0.0966,0.3,0.483,0.9368,0.0061,0.0333,0.0537,0.8464,0.0604,0.3934,0.1126
CV,C2,C2_rdkit_descriptors_only,B5,B5_class_weight_threshold_tuning,0.85,0.0324,0.1024,0.02,0.0632,0.1,0.3162,0.9354,0.0047,0.0111,0.0351,0.8464,0.0604,0.3934,0.1126
CV,C2,C2_rdkit_descriptors_only,B5,B5_class_weight_threshold_tuning,0.9,0.0,0.0,0.0,0.0,0.0,0.0,0.9347,0.0036,0.0,0.0,0.8464,0.0604,0.3934,0.1126
CV,C3,C3_morgan_rdkit,B4,B4_threshold_tuning_only,0.05,0.3218,0.0625,0.3083,0.0487,0.1894,0.0345,0.7458,0.0541,0.8522,0.1139,0.8655,0.0648,0.4409,0.1058
CV,C3,C3_morgan_rdkit,B4,B4_threshold_tuning_only,0.1,0.3876,0.0553,0.3979,0.052,0.2796,0.0547,0.8542,0.0342,0.7256,0.1197,0.8655,0.0648,0.4409,0.1058
CV,C3,C3_morgan_rdkit,B4,B4_threshold_tuning_only,0.15,0.401,0.0521,0.4286,0.0466,0.3369,0.0643,0.8917,0.0213,0.6178,0.1119,0.8655,0.0648,0.4409,0.1058
CV,C3,C3_morgan_rdkit,B4,B4_threshold_tuning_only,0.2,0.362,0.0786,0.4018,0.07,0.3439,0.0702,0.9035,0.0162,0.4989,0.1189,0.8655,0.0648,0.4409,0.1058
CV,C3,C3_morgan_rdkit,B4,B4_threshold_tuning_only,0.25,0.3493,0.0674,0.3875,0.0641,0.3842,0.0918,0.9153,0.0153,0.4144,0.1022,0.8655,0.0648,0.4409,0.1058
CV,C3,C3_morgan_rdkit,B4,B4_threshold_tuning_only,0.3,0.2952,0.1094,0.3289,0.1076,0.3798,0.128,0.9194,0.0174,0.3089,0.1156,0.8655,0.0648,0.4409,0.1058
CV,C3,C3_morgan_rdkit,B4,B4_threshold_tuning_only,0.35,0.2888,0.111,0.3149,0.1121,0.4048,0.1145,0.9271,0.01,0.2667,0.1154,0.8655,0.0648,0.4409,0.1058
CV,C3,C3_morgan_rdkit,B4,B4_threshold_tuning_only,0.4,0.305,0.1593,0.3117,0.1506,0.4867,0.2071,0.934,0.0132,0.2356,0.1243,0.8655,0.0648,0.4409,0.1058
CV,C3,C3_morgan_rdkit,B4,B4_threshold_tuning_only,0.45,0.3292,0.1516,0.307,0.1368,0.615,0.2769,0.9382,0.0124,0.2133,0.1003,0.8655,0.0648,0.4409,0.1058
CV,C3,C3_morgan_rdkit,B4,B4_threshold_tuning_only,0.5,0.3168,0.1549,0.2754,0.1415,0.6667,0.3216,0.9396,0.0104,0.1833,0.1052,0.8655,0.0648,0.4409,0.1058
CV,C3,C3_morgan_rdkit,B4,B4_threshold_tuning_only,0.55,0.2848,0.1762,0.2345,0.1533,0.6417,0.3929,0.9403,0.0082,0.1511,0.1071,0.8655,0.0648,0.4409,0.1058
CV,C3,C3_morgan_rdkit,B4,B4_threshold_tuning_only,0.6,0.273,0.1667,0.2074,0.1431,0.6917,0.4045,0.9403,0.0075,0.1289,0.1008,0.8655,0.0648,0.4409,0.1058
CV,C3,C3_morgan_rdkit,B4,B4_threshold_tuning_only,0.65,0.1534,0.1818,0.1225,0.1524,0.375,0.429,0.9368,0.0083,0.0778,0.1054,0.8655,0.0648,0.4409,0.1058
CV,C3,C3_morgan_rdkit,B4,B4_threshold_tuning_only,0.7,0.0954,0.1739,0.0745,0.129,0.25,0.4249,0.9354,0.0081,0.0444,0.0777,0.8655,0.0648,0.4409,0.1058
CV,C3,C3_morgan_rdkit,B4,B4_threshold_tuning_only,0.75,0.0625,0.1379,0.04,0.0843,0.2,0.4216,0.9354,0.0066,0.0222,0.0468,0.8655,0.0648,0.4409,0.1058
CV,C3,C3_morgan_rdkit,B4,B4_threshold_tuning_only,0.8,0.0301,0.1035,0.02,0.0632,0.1,0.3162,0.9347,0.0059,0.0111,0.0351,0.8655,0.0648,0.4409,0.1058
CV,C3,C3_morgan_rdkit,B4,B4_threshold_tuning_only,0.85,0.0,0.0,0.0,0.0,0.0,0.0,0.9347,0.0036,0.0,0.0,0.8655,0.0648,0.4409,0.1058
CV,C3,C3_morgan_rdkit,B4,B4_threshold_tuning_only,0.9,0.0,0.0,0.0,0.0,0.0,0.0,0.9347,0.0036,0.0,0.0,0.8655,0.0648,0.4409,0.1058
CV,C3,C3_morgan_rdkit,B5,B5_class_weight_threshold_tuning,0.05,0.3167,0.0654,0.3069,0.047,0.1892,0.032,0.7542,0.0393,0.8289,0.1367,0.8704,0.0552,0.4378,0.0871
CV,C3,C3_morgan_rdkit,B5,B5_class_weight_threshold_tuning,0.1,0.3991,0.056,0.4051,0.0552,0.2804,0.0513,0.8521,0.0365,0.7556,0.1025,0.8704,0.0552,0.4378,0.0871
CV,C3,C3_morgan_rdkit,B5,B5_class_weight_threshold_tuning,0.15,0.3975,0.1014,0.425,0.0906,0.3266,0.0833,0.8875,0.0268,0.6278,0.1364,0.8704,0.0552,0.4378,0.0871
CV,C3,C3_morgan_rdkit,B5,B5_class_weight_threshold_tuning,0.2,0.3572,0.0975,0.3962,0.0835,0.3373,0.0739,0.9021,0.0184,0.4989,0.1585,0.8704,0.0552,0.4378,0.0871
CV,C3,C3_morgan_rdkit,B5,B5_class_weight_threshold_tuning,0.25,0.3019,0.0619,0.3432,0.0629,0.3305,0.0518,0.9069,0.0168,0.3833,0.1229,0.8704,0.0552,0.4378,0.0871
CV,C3,C3_morgan_rdkit,B5,B5_class_weight_threshold_tuning,0.3,0.2671,0.1159,0.3044,0.12,0.3328,0.0895,0.9167,0.0109,0.2989,0.1492,0.8704,0.0552,0.4378,0.0871
CV,C3,C3_morgan_rdkit,B5,B5_class_weight_threshold_tuning,0.35,0.3052,0.1252,0.3286,0.1265,0.4263,0.1291,0.9292,0.0108,0.2778,0.1272,0.8704,0.0552,0.4378,0.0871
CV,C3,C3_morgan_rdkit,B5,B5_class_weight_threshold_tuning,0.4,0.2993,0.1127,0.297,0.1222,0.5017,0.1316,0.9347,0.0075,0.2256,0.1225,0.8704,0.0552,0.4378,0.0871
CV,C3,C3_morgan_rdkit,B5,B5_class_weight_threshold_tuning,0.45,0.3329,0.1668,0.2797,0.1557,0.7167,0.322,0.9424,0.0087,0.1822,0.1138,0.8704,0.0552,0.4378,0.0871
CV,C3,C3_morgan_rdkit,B5,B5_class_weight_threshold_tuning,0.5,0.2886,0.1789,0.2335,0.164,0.6667,0.3909,0.941,0.0082,0.1511,0.1192,0.8704,0.0552,0.4378,0.0871
CV,C3,C3_morgan_rdkit,B5,B5_class_weight_threshold_tuning,0.55,0.2542,0.1974,0.2037,0.1672,0.5917,0.4417,0.9403,0.0082,0.1289,0.1136,0.8704,0.0552,0.4378,0.0871
CV,C3,C3_morgan_rdkit,B5,B5_class_weight_threshold_tuning,0.6,0.1951,0.1831,0.1442,0.1392,0.5167,0.4743,0.9382,0.0076,0.0867,0.0871,0.8704,0.0552,0.4378,0.0871
CV,C3,C3_morgan_rdkit,B5,B5_class_weight_threshold_tuning,0.65,0.136,0.1531,0.0945,0.0999,0.4,0.4595,0.9361,0.0064,0.0544,0.0575,0.8704,0.0552,0.4378,0.0871
CV,C3,C3_morgan_rdkit,B5,B5_class_weight_threshold_tuning,0.7,0.1469,0.163,0.0964,0.1018,0.45,0.4972,0.9368,0.0069,0.0544,0.0575,0.8704,0.0552,0.4378,0.0871
CV,C3,C3_morgan_rdkit,B5,B5_class_weight_threshold_tuning,0.75,0.0516,0.1178,0.0382,0.0806,0.15,0.3375,0.9347,0.0059,0.0222,0.0468,0.8704,0.0552,0.4378,0.0871
CV,C3,C3_morgan_rdkit,B5,B5_class_weight_threshold_tuning,0.8,0.0324,0.1024,0.02,0.0632,0.1,0.3162,0.9354,0.0047,0.0111,0.0351,0.8704,0.0552,0.4378,0.0871
CV,C3,C3_morgan_rdkit,B5,B5_class_weight_threshold_tuning,0.85,0.0,0.0,0.0,0.0,0.0,0.0,0.9347,0.0036,0.0,0.0,0.8704,0.0552,0.4378,0.0871
CV,C3,C3_morgan_rdkit,B5,B5_class_weight_threshold_tuning,0.9,0.0,0.0,0.0,0.0,0.0,0.0,0.9347,0.0036,0.0,0.0,0.8704,0.0552,0.4378,0.0871
LOGO,C1,C1_morgan_only,B4,B4_threshold_tuning_only,0.05,0.2155,0.1884,0.2354,0.1889,0.1828,0.1649,0.7889,0.0852,0.5288,0.3366,0.8175,0.1493,0.4646,0.2413
LOGO,C1,C1_morgan_only,B4,B4_threshold_tuning_only,0.1,0.2857,0.2042,0.2972,0.2047,0.2849,0.2272,0.8861,0.0504,0.4551,0.317,0.8175,0.1493,0.4646,0.2413
LOGO,C1,C1_morgan_only,B4,B4_threshold_tuning_only,0.15,0.2902,0.2309,0.2948,0.2188,0.3522,0.2794,0.9153,0.0483,0.3614,0.3292,0.8175,0.1493,0.4646,0.2413
LOGO,C1,C1_morgan_only,B4,B4_threshold_tuning_only,0.2,0.3235,0.258,0.322,0.2413,0.4385,0.3254,0.9278,0.0541,0.3332,0.3221,0.8175,0.1493,0.4646,0.2413
LOGO,C1,C1_morgan_only,B4,B4_threshold_tuning_only,0.25,0.3352,0.2492,0.3165,0.2361,0.5406,0.3743,0.934,0.0514,0.278,0.2692,0.8175,0.1493,0.4646,0.2413
LOGO,C1,C1_morgan_only,B4,B4_threshold_tuning_only,0.3,0.3617,0.2497,0.3331,0.24,0.6042,0.3745,0.9389,0.0516,0.278,0.2692,0.8175,0.1493,0.4646,0.2413
LOGO,C1,C1_morgan_only,B4,B4_threshold_tuning_only,0.35,0.3617,0.2497,0.3331,0.24,0.6042,0.3745,0.9396,0.0521,0.278,0.2692,0.8175,0.1493,0.4646,0.2413
LOGO,C1,C1_morgan_only,B4,B4_threshold_tuning_only,0.4,0.3617,0.2497,0.3331,0.24,0.6042,0.3745,0.9396,0.0521,0.278,0.2692,0.8175,0.1493,0.4646,0.2413
LOGO,C1,C1_morgan_only,B4,B4_threshold_tuning_only,0.45,0.3502,0.2498,0.321,0.2389,0.5938,0.375,0.9389,0.0521,0.2676,0.2701,0.8175,0.1493,0.4646,0.2413
LOGO,C1,C1_morgan_only,B4,B4_threshold_tuning_only,0.5,0.3496,0.2467,0.3121,0.2387,0.625,0.3873,0.9389,0.0523,0.2598,0.2725,0.8175,0.1493,0.4646,0.2413
LOGO,C1,C1_morgan_only,B4,B4_threshold_tuning_only,0.55,0.3346,0.2228,0.2933,0.2075,0.625,0.3873,0.9382,0.0516,0.2389,0.2512,0.8175,0.1493,0.4646,0.2413
LOGO,C1,C1_morgan_only,B4,B4_threshold_tuning_only,0.6,0.1725,0.1993,0.1485,0.1724,0.375,0.4282,0.9319,0.0558,0.1078,0.146,0.8175,0.1493,0.4646,0.2413
LOGO,C1,C1_morgan_only,B4,B4_threshold_tuning_only,0.65,0.0518,0.1378,0.0461,0.1023,0.1562,0.3521,0.9292,0.0561,0.0286,0.0648,0.8175,0.1493,0.4646,0.2413
LOGO,C1,C1_morgan_only,B4,B4_threshold_tuning_only,0.7,0.0438,0.1464,0.0387,0.1061,0.125,0.3416,0.9306,0.0583,0.0229,0.0629,0.8175,0.1493,0.4646,0.2413
LOGO,C1,C1_morgan_only,B4,B4_threshold_tuning_only,0.75,0.0191,0.1015,0.0179,0.0714,0.0625,0.25,0.9326,0.0601,0.0104,0.0417,0.8175,0.1493,0.4646,0.2413
LOGO,C1,C1_morgan_only,B4,B4_threshold_tuning_only,0.8,-0.001,0.004,0.0,0.0,0.0,0.0,0.934,0.0596,0.0,0.0,0.8175,0.1493,0.4646,0.2413
LOGO,C1,C1_morgan_only,B4,B4_threshold_tuning_only,0.85,0.0,0.0,0.0,0.0,0.0,0.0,0.9347,0.06,0.0,0.0,0.8175,0.1493,0.4646,0.2413
LOGO,C1,C1_morgan_only,B4,B4_threshold_tuning_only,0.9,0.0,0.0,0.0,0.0,0.0,0.0,0.9347,0.06,0.0,0.0,0.8175,0.1493,0.4646,0.2413
LOGO,C1,C1_morgan_only,B5,B5_class_weight_threshold_tuning,0.05,0.2283,0.1517,0.2356,0.1566,0.1584,0.1152,0.7264,0.0736,0.6747,0.3562,0.8426,0.1276,0.4858,0.2454
LOGO,C1,C1_morgan_only,B5,B5_class_weight_threshold_tuning,0.1,0.2697,0.2244,0.2795,0.2037,0.2154,0.1799,0.8403,0.0624,0.5749,0.3797,0.8426,0.1276,0.4858,0.2454
LOGO,C1,C1_morgan_only,B5,B5_class_weight_threshold_tuning,0.15,0.2812,0.2309,0.2962,0.2114,0.2486,0.2116,0.875,0.0617,0.5134,0.3545,0.8426,0.1276,0.4858,0.2454
LOGO,C1,C1_morgan_only,B5,B5_class_weight_threshold_tuning,0.2,0.2941,0.2372,0.3113,0.224,0.278,0.229,0.8889,0.0582,0.4765,0.3279,0.8426,0.1276,0.4858,0.2454
LOGO,C1,C1_morgan_only,B5,B5_class_weight_threshold_tuning,0.25,0.3066,0.2301,0.3237,0.2159,0.313,0.2367,0.9021,0.0584,0.4437,0.3138,0.8426,0.1276,0.4858,0.2454
LOGO,C1,C1_morgan_only,B5,B5_class_weight_threshold_tuning,0.3,0.3381,0.2498,0.3451,0.2374,0.3926,0.2955,0.916,0.0543,0.413,0.3102,0.8426,0.1276,0.4858,0.2454
LOGO,C1,C1_morgan_only,B5,B5_class_weight_threshold_tuning,0.35,0.3093,0.2477,0.3128,0.2278,0.4162,0.3449,0.9194,0.0536,0.3338,0.2828,0.8426,0.1276,0.4858,0.2454
LOGO,C1,C1_morgan_only,B5,B5_class_weight_threshold_tuning,0.4,0.2985,0.2569,0.299,0.2339,0.4312,0.3526,0.9229,0.0572,0.2988,0.2861,0.8426,0.1276,0.4858,0.2454
LOGO,C1,C1_morgan_only,B5,B5_class_weight_threshold_tuning,0.45,0.3153,0.2477,0.3012,0.2304,0.5021,0.3914,0.9306,0.0516,0.278,0.2692,0.8426,0.1276,0.4858,0.2454
LOGO,C1,C1_morgan_only,B5,B5_class_weight_threshold_tuning,0.5,0.3338,0.2457,0.3165,0.2316,0.5365,0.3763,0.9354,0.0534,0.278,0.2692,0.8426,0.1276,0.4858,0.2454
LOGO,C1,C1_morgan_only,B5,B5_class_weight_threshold_tuning,0.55,0.3178,0.2171,0.2908,0.1985,0.5521,0.3688,0.9361,0.0516,0.2468,0.2494,0.8426,0.1276,0.4858,0.2454
LOGO,C1,C1_morgan_only,B5,B5_class_weight_threshold_tuning,0.6,0.2844,0.2223,0.2536,0.2057,0.5208,0.3891,0.9361,0.0506,0.2181,0.2566,0.8426,0.1276,0.4858,0.2454
LOGO,C1,C1_morgan_only,B5,B5_class_weight_threshold_tuning,0.65,0.2542,0.2131,0.2204,0.1917,0.5312,0.427,0.9368,0.0505,0.1556,0.1552,0.8426,0.1276,0.4858,0.2454
LOGO,C1,C1_morgan_only,B5,B5_class_weight_threshold_tuning,0.7,0.1938,0.2101,0.17,0.1941,0.4062,0.4171,0.934,0.0548,0.1245,0.16,0.8426,0.1276,0.4858,0.2454
LOGO,C1,C1_morgan_only,B5,B5_class_weight_threshold_tuning,0.75,0.1565,0.2019,0.1368,0.1773,0.3125,0.4031,0.9347,0.0589,0.1001,0.1481,0.8426,0.1276,0.4858,0.2454
LOGO,C1,C1_morgan_only,B5,B5_class_weight_threshold_tuning,0.8,-0.0079,0.0134,0.0,0.0,0.0,0.0,0.9312,0.0599,0.0,0.0,0.8426,0.1276,0.4858,0.2454
LOGO,C1,C1_morgan_only,B5,B5_class_weight_threshold_tuning,0.85,-0.0022,0.0088,0.0,0.0,0.0,0.0,0.934,0.0605,0.0,0.0,0.8426,0.1276,0.4858,0.2454
LOGO,C1,C1_morgan_only,B5,B5_class_weight_threshold_tuning,0.9,0.0,0.0,0.0,0.0,0.0,0.0,0.9347,0.06,0.0,0.0,0.8426,0.1276,0.4858,0.2454
LOGO,C2,C2_rdkit_descriptors_only,B4,B4_threshold_tuning_only,0.05,0.1562,0.1257,0.1711,0.1119,0.1097,0.0723,0.6396,0.0843,0.6511,0.3823,0.786,0.151,0.4162,0.2427
LOGO,C2,C2_rdkit_descriptors_only,B4,B4_threshold_tuning_only,0.1,0.2037,0.1581,0.213,0.1403,0.1453,0.0957,0.7438,0.0695,0.6241,0.3843,0.786,0.151,0.4162,0.2427
LOGO,C2,C2_rdkit_descriptors_only,B4,B4_threshold_tuning_only,0.15,0.1859,0.1121,0.2047,0.1168,0.161,0.0988,0.8083,0.0707,0.493,0.3428,0.786,0.151,0.4162,0.2427
LOGO,C2,C2_rdkit_descriptors_only,B4,B4_threshold_tuning_only,0.2,0.1991,0.1665,0.223,0.1576,0.2076,0.1862,0.85,0.0754,0.4077,0.3336,0.786,0.151,0.4162,0.2427
LOGO,C2,C2_rdkit_descriptors_only,B4,B4_threshold_tuning_only,0.25,0.227,0.1711,0.2367,0.1512,0.2736,0.2615,0.8896,0.0638,0.3638,0.3247,0.786,0.151,0.4162,0.2427
LOGO,C2,C2_rdkit_descriptors_only,B4,B4_threshold_tuning_only,0.3,0.2306,0.2045,0.2424,0.1867,0.3167,0.2839,0.9146,0.053,0.279,0.2899,0.786,0.151,0.4162,0.2427
LOGO,C2,C2_rdkit_descriptors_only,B4,B4_threshold_tuning_only,0.35,0.2598,0.2434,0.2556,0.2221,0.4115,0.367,0.9285,0.0534,0.242,0.2701,0.786,0.151,0.4162,0.2427
LOGO,C2,C2_rdkit_descriptors_only,B4,B4_threshold_tuning_only,0.4,0.2848,0.2402,0.2658,0.2227,0.4792,0.3745,0.9347,0.0533,0.2363,0.2704,0.786,0.151,0.4162,0.2427
LOGO,C2,C2_rdkit_descriptors_only,B4,B4_threshold_tuning_only,0.45,0.2909,0.2343,0.2533,0.2171,0.5521,0.407,0.9368,0.0513,0.216,0.2679,0.786,0.151,0.4162,0.2427
LOGO,C2,C2_rdkit_descriptors_only,B4,B4_threshold_tuning_only,0.5,0.2273,0.2178,0.1998,0.1905,0.4271,0.4035,0.9347,0.0507,0.1749,0.251,0.786,0.151,0.4162,0.2427
LOGO,C2,C2_rdkit_descriptors_only,B4,B4_threshold_tuning_only,0.55,0.2389,0.2372,0.2073,0.2141,0.4688,0.427,0.9354,0.0536,0.1719,0.2523,0.786,0.151,0.4162,0.2427
LOGO,C2,C2_rdkit_descriptors_only,B4,B4_threshold_tuning_only,0.6,0.2393,0.2368,0.2073,0.2141,0.4688,0.427,0.9361,0.0539,0.1719,0.2523,0.786,0.151,0.4162,0.2427
LOGO,C2,C2_rdkit_descriptors_only,B4,B4_threshold_tuning_only,0.65,0.1218,0.2426,0.1078,0.2107,0.2188,0.407,0.934,0.0587,0.1036,0.2573,0.786,0.151,0.4162,0.2427
LOGO,C2,C2_rdkit_descriptors_only,B4,B4_threshold_tuning_only,0.7,0.0583,0.1866,0.0521,0.1691,0.0938,0.272,0.9326,0.058,0.0682,0.2495,0.786,0.151,0.4162,0.2427
LOGO,C2,C2_rdkit_descriptors_only,B4,B4_threshold_tuning_only,0.75,0.0595,0.1861,0.0521,0.1691,0.0938,0.272,0.9347,0.0599,0.0682,0.2495,0.786,0.151,0.4162,0.2427
LOGO,C2,C2_rdkit_descriptors_only,B4,B4_threshold_tuning_only,0.8,0.0,0.0,0.0,0.0,0.0,0.0,0.9347,0.06,0.0,0.0,0.786,0.151,0.4162,0.2427
LOGO,C2,C2_rdkit_descriptors_only,B4,B4_threshold_tuning_only,0.85,0.0,0.0,0.0,0.0,0.0,0.0,0.9347,0.06,0.0,0.0,0.786,0.151,0.4162,0.2427
LOGO,C2,C2_rdkit_descriptors_only,B4,B4_threshold_tuning_only,0.9,0.0,0.0,0.0,0.0,0.0,0.0,0.9347,0.06,0.0,0.0,0.786,0.151,0.4162,0.2427
LOGO,C2,C2_rdkit_descriptors_only,B5,B5_class_weight_threshold_tuning,0.05,0.1615,0.1314,0.1753,0.1143,0.1107,0.0733,0.6465,0.0631,0.6568,0.3784,0.8037,0.1354,0.4027,0.1754
LOGO,C2,C2_rdkit_descriptors_only,B5,B5_class_weight_threshold_tuning,0.1,0.1866,0.1277,0.2057,0.1262,0.143,0.0907,0.7653,0.0637,0.559,0.3374,0.8037,0.1354,0.4027,0.1754
LOGO,C2,C2_rdkit_descriptors_only,B5,B5_class_weight_threshold_tuning,0.15,0.1647,0.1377,0.1981,0.124,0.1545,0.0989,0.8222,0.0722,0.4111,0.3353,0.8037,0.1354,0.4027,0.1754
LOGO,C2,C2_rdkit_descriptors_only,B5,B5_class_weight_threshold_tuning,0.2,0.2341,0.2027,0.2683,0.1783,0.2373,0.1593,0.8826,0.0756,0.3776,0.3082,0.8037,0.1354,0.4027,0.1754
LOGO,C2,C2_rdkit_descriptors_only,B5,B5_class_weight_threshold_tuning,0.25,0.2676,0.2383,0.2954,0.2184,0.3152,0.2598,0.909,0.0634,0.3359,0.2876,0.8037,0.1354,0.4027,0.1754
LOGO,C2,C2_rdkit_descriptors_only,B5,B5_class_weight_threshold_tuning,0.3,0.2937,0.2527,0.3001,0.2294,0.4146,0.3466,0.925,0.0587,0.2926,0.2704,0.8037,0.1354,0.4027,0.1754
LOGO,C2,C2_rdkit_descriptors_only,B5,B5_class_weight_threshold_tuning,0.35,0.3041,0.2713,0.288,0.2485,0.5052,0.3996,0.9354,0.0543,0.242,0.2701,0.8037,0.1354,0.4027,0.1754
LOGO,C2,C2_rdkit_descriptors_only,B5,B5_class_weight_threshold_tuning,0.4,0.2843,0.2279,0.2547,0.2005,0.5312,0.3907,0.9361,0.0539,0.203,0.2419,0.8037,0.1354,0.4027,0.1754
LOGO,C2,C2_rdkit_descriptors_only,B5,B5_class_weight_threshold_tuning,0.45,0.2689,0.2356,0.237,0.209,0.5104,0.4104,0.9368,0.0532,0.1905,0.2471,0.8037,0.1354,0.4027,0.1754
LOGO,C2,C2_rdkit_descriptors_only,B5,B5_class_weight_threshold_tuning,0.5,0.221,0.2057,0.1847,0.1743,0.5,0.4472,0.9368,0.0508,0.1202,0.1208,0.8037,0.1354,0.4027,0.1754
LOGO,C2,C2_rdkit_descriptors_only,B5,B5_class_weight_threshold_tuning,0.55,0.222,0.2045,0.1847,0.1743,0.5,0.4472,0.9375,0.0513,0.1202,0.1208,0.8037,0.1354,0.4027,0.1754
LOGO,C2,C2_rdkit_descriptors_only,B5,B5_class_weight_threshold_tuning,0.6,0.1168,0.1768,0.0909,0.1393,0.3125,0.4425,0.9354,0.0522,0.0546,0.0864,0.8037,0.1354,0.4027,0.1754
LOGO,C2,C2_rdkit_descriptors_only,B5,B5_class_weight_threshold_tuning,0.65,0.0239,0.0863,0.0161,0.0461,0.125,0.3416,0.9326,0.0567,0.0087,0.0249,0.8037,0.1354,0.4027,0.1754
LOGO,C2,C2_rdkit_descriptors_only,B5,B5_class_weight_threshold_tuning,0.7,0.0155,0.0721,0.0104,0.0417,0.0625,0.25,0.934,0.0591,0.0057,0.0227,0.8037,0.1354,0.4027,0.1754
LOGO,C2,C2_rdkit_descriptors_only,B5,B5_class_weight_threshold_tuning,0.75,0.0,0.0,0.0,0.0,0.0,0.0,0.9347,0.06,0.0,0.0,0.8037,0.1354,0.4027,0.1754
LOGO,C2,C2_rdkit_descriptors_only,B5,B5_class_weight_threshold_tuning,0.8,0.0,0.0,0.0,0.0,0.0,0.0,0.9347,0.06,0.0,0.0,0.8037,0.1354,0.4027,0.1754
LOGO,C2,C2_rdkit_descriptors_only,B5,B5_class_weight_threshold_tuning,0.85,0.0,0.0,0.0,0.0,0.0,0.0,0.9347,0.06,0.0,0.0,0.8037,0.1354,0.4027,0.1754
LOGO,C2,C2_rdkit_descriptors_only,B5,B5_class_weight_threshold_tuning,0.9,0.0,0.0,0.0,0.0,0.0,0.0,0.9347,0.06,0.0,0.0,0.8037,0.1354,0.4027,0.1754
LOGO,C3,C3_morgan_rdkit,B4,B4_threshold_tuning_only,0.05,0.2055,0.1584,0.2159,0.1479,0.1461,0.1054,0.7222,0.0763,0.6457,0.3757,0.8055,0.1506,0.4547,0.2486
LOGO,C3,C3_morgan_rdkit,B4,B4_threshold_tuning_only,0.1,0.2294,0.1961,0.2439,0.1941,0.1978,0.1814,0.8292,0.0678,0.5213,0.3556,0.8055,0.1506,0.4547,0.2486
LOGO,C3,C3_morgan_rdkit,B4,B4_threshold_tuning_only,0.15,0.2382,0.1941,0.2564,0.1835,0.2491,0.2091,0.8806,0.0503,0.402,0.3318,0.8055,0.1506,0.4547,0.2486
LOGO,C3,C3_morgan_rdkit,B4,B4_threshold_tuning_only,0.2,0.2825,0.2261,0.2863,0.2127,0.3326,0.299,0.9097,0.0452,0.3838,0.3322,0.8055,0.1506,0.4547,0.2486
LOGO,C3,C3_morgan_rdkit,B4,B4_threshold_tuning_only,0.25,0.2877,0.2615,0.2855,0.2465,0.4094,0.3647,0.9215,0.0509,0.3102,0.3097,0.8055,0.1506,0.4547,0.2486
LOGO,C3,C3_morgan_rdkit,B4,B4_threshold_tuning_only,0.3,0.3187,0.2614,0.3122,0.25,0.4625,0.3417,0.9312,0.0526,0.3045,0.3095,0.8055,0.1506,0.4547,0.2486
LOGO,C3,C3_morgan_rdkit,B4,B4_threshold_tuning_only,0.35,0.3281,0.2373,0.3118,0.2233,0.5208,0.3542,0.9347,0.0533,0.278,0.2692,0.8055,0.1506,0.4547,0.2486
LOGO,C3,C3_morgan_rdkit,B4,B4_threshold_tuning_only,0.4,0.3329,0.2363,0.2994,0.2258,0.5833,0.3801,0.9375,0.0516,0.2598,0.2725,0.8055,0.1506,0.4547,0.2486
LOGO,C3,C3_morgan_rdkit,B4,B4_threshold_tuning_only,0.45,0.3014,0.2476,0.2682,0.2307,0.5521,0.407,0.9368,0.0511,0.2285,0.2718,0.8055,0.1506,0.4547,0.2486
LOGO,C3,C3_morgan_rdkit,B4,B4_threshold_tuning_only,0.5,0.3066,0.2492,0.266,0.2332,0.5938,0.4171,0.9375,0.0515,0.216,0.2679,0.8055,0.1506,0.4547,0.2486
LOGO,C3,C3_morgan_rdkit,B4,B4_threshold_tuning_only,0.55,0.2292,0.2471,0.2011,0.2186,0.4375,0.4425,0.9354,0.052,0.1679,0.2544,0.8055,0.1506,0.4547,0.2486
LOGO,C3,C3_morgan_rdkit,B4,B4_threshold_tuning_only,0.6,0.2108,0.2554,0.1863,0.2255,0.4062,0.4553,0.934,0.055,0.1593,0.2583,0.8055,0.1506,0.4547,0.2486
LOGO,C3,C3_morgan_rdkit,B4,B4_threshold_tuning_only,0.65,0.1803,0.248,0.1527,0.2176,0.375,0.4655,0.9347,0.0574,0.1357,0.2589,0.8055,0.1506,0.4547,0.2486
LOGO,C3,C3_morgan_rdkit,B4,B4_threshold_tuning_only,0.7,0.0111,0.074,0.0104,0.0417,0.0625,0.25,0.9312,0.0581,0.0057,0.0227,0.8055,0.1506,0.4547,0.2486
LOGO,C3,C3_morgan_rdkit,B4,B4_threshold_tuning_only,0.75,0.0,0.0,0.0,0.0,0.0,0.0,0.934,0.0593,0.0,0.0,0.8055,0.1506,0.4547,0.2486
LOGO,C3,C3_morgan_rdkit,B4,B4_threshold_tuning_only,0.8,0.0,0.0,0.0,0.0,0.0,0.0,0.9347,0.06,0.0,0.0,0.8055,0.1506,0.4547,0.2486
LOGO,C3,C3_morgan_rdkit,B4,B4_threshold_tuning_only,0.85,0.0,0.0,0.0,0.0,0.0,0.0,0.9347,0.06,0.0,0.0,0.8055,0.1506,0.4547,0.2486
LOGO,C3,C3_morgan_rdkit,B4,B4_threshold_tuning_only,0.9,0.0,0.0,0.0,0.0,0.0,0.0,0.9347,0.06,0.0,0.0,0.8055,0.1506,0.4547,0.2486
LOGO,C3,C3_morgan_rdkit,B5,B5_class_weight_threshold_tuning,0.05,0.1798,0.1436,0.1916,0.1258,0.1236,0.083,0.6799,0.0626,0.6541,0.3779,0.8306,0.1224,0.4472,0.2206
LOGO,C3,C3_morgan_rdkit,B5,B5_class_weight_threshold_tuning,0.1,0.218,0.1765,0.2315,0.1689,0.1676,0.1338,0.7854,0.0649,0.5792,0.3621,0.8306,0.1224,0.4472,0.2206
LOGO,C3,C3_morgan_rdkit,B5,B5_class_weight_threshold_tuning,0.15,0.2394,0.1734,0.2576,0.1616,0.212,0.1551,0.8597,0.051,0.4756,0.3218,0.8306,0.1224,0.4472,0.2206
LOGO,C3,C3_morgan_rdkit,B5,B5_class_weight_threshold_tuning,0.2,0.267,0.2374,0.2921,0.2121,0.2741,0.2287,0.8896,0.06,0.4054,0.3336,0.8306,0.1224,0.4472,0.2206
LOGO,C3,C3_morgan_rdkit,B5,B5_class_weight_threshold_tuning,0.25,0.2909,0.2585,0.3149,0.2403,0.3221,0.247,0.9083,0.0608,0.3781,0.3284,0.8306,0.1224,0.4472,0.2206
LOGO,C3,C3_morgan_rdkit,B5,B5_class_weight_threshold_tuning,0.3,0.3108,0.26,0.3162,0.2322,0.4216,0.3709,0.9208,0.0579,0.3269,0.282,0.8306,0.1224,0.4472,0.2206
LOGO,C3,C3_morgan_rdkit,B5,B5_class_weight_threshold_tuning,0.35,0.3096,0.2485,0.3014,0.2227,0.4729,0.3765,0.9285,0.0559,0.2837,0.268,0.8306,0.1224,0.4472,0.2206
LOGO,C3,C3_morgan_rdkit,B5,B5_class_weight_threshold_tuning,0.4,0.3357,0.2484,0.3203,0.2338,0.5312,0.356,0.9354,0.0545,0.278,0.2692,0.8306,0.1224,0.4472,0.2206
LOGO,C3,C3_morgan_rdkit,B5,B5_class_weight_threshold_tuning,0.45,0.3265,0.2316,0.3011,0.2095,0.5625,0.3645,0.9368,0.0545,0.2468,0.2494,0.8306,0.1224,0.4472,0.2206
LOGO,C3,C3_morgan_rdkit,B5,B5_class_weight_threshold_tuning,0.5,0.3262,0.2228,0.2911,0.2078,0.5938,0.375,0.9375,0.0516,0.2389,0.2512,0.8306,0.1224,0.4472,0.2206
LOGO,C3,C3_morgan_rdkit,B5,B5_class_weight_threshold_tuning,0.55,0.2558,0.2204,0.216,0.1934,0.5312,0.427,0.9361,0.0503,0.1744,0.2439,0.8306,0.1224,0.4472,0.2206
LOGO,C3,C3_morgan_rdkit,B5,B5_class_weight_threshold_tuning,0.6,0.1839,0.1914,0.1535,0.1581,0.4375,0.4425,0.9347,0.0493,0.0994,0.1098,0.8306,0.1224,0.4472,0.2206
LOGO,C3,C3_morgan_rdkit,B5,B5_class_weight_threshold_tuning,0.65,0.1515,0.1985,0.1224,0.1617,0.375,0.4655,0.9354,0.0526,0.0789,0.1115,0.8306,0.1224,0.4472,0.2206
LOGO,C3,C3_morgan_rdkit,B5,B5_class_weight_threshold_tuning,0.7,0.0252,0.0826,0.02,0.0548,0.0938,0.272,0.9319,0.0574,0.0114,0.0311,0.8306,0.1224,0.4472,0.2206
LOGO,C3,C3_morgan_rdkit,B5,B5_class_weight_threshold_tuning,0.75,-0.0025,0.0099,0.0,0.0,0.0,0.0,0.934,0.0608,0.0,0.0,0.8306,0.1224,0.4472,0.2206
LOGO,C3,C3_morgan_rdkit,B5,B5_class_weight_threshold_tuning,0.8,0.0,0.0,0.0,0.0,0.0,0.0,0.9347,0.06,0.0,0.0,0.8306,0.1224,0.4472,0.2206
LOGO,C3,C3_morgan_rdkit,B5,B5_class_weight_threshold_tuning,0.85,0.0,0.0,0.0,0.0,0.0,0.0,0.9347,0.06,0.0,0.0,0.8306,0.1224,0.4472,0.2206
LOGO,C3,C3_morgan_rdkit,B5,B5_class_weight_threshold_tuning,0.9,0.0,0.0,0.0,0.0,0.0,0.0,0.9347,0.06,0.0,0.0,0.8306,0.1224,0.4472,0.2206
